Prioridade;Rank de vendas;Produto;ID do produto;Tamanho atual (px);Precisa;Link do produto;Imagem atual
ALTA;2;Personalização LE Medical;1059294839;800x800;1600x1600;https://www.lemedical.com.br/produtos/personalizacao-le-medical/;https://acdn-us.mitiendanube.com/stores/001/322/555/products/le-4-1f2ee6f3aed1200c4917332627185187.png
ALTA;3;KIT SUTURA - LE MEDICAL - PRETO;610457742;1000x1000;1600x1600;https://www.lemedical.com.br/produtos/kit-sutura-le-medical-preto/;https://acdn-us.mitiendanube.com/stores/001/322/555/products/kit-sutura-1-b65523822a4537d00b17082893287910.jpg
ALTA;6;Conjunto Acadêmico – Littmann Classic III Chocolate 5809 + Esfigmo Pamed Bordo + Lanterna Clínica Bordo + Case Marrom;568418621;1000x1000;1600x1600;https://www.lemedical.com.br/produtos/conjunto-academico-littmann-classic-iii-chocolate-esfigmo-pamed-bordo-lanterna-clinica-bordo-case-marrom/;https://acdn-us.mitiendanube.com/stores/001/322/555/products/5809-7b11b9c34269070cb817879440241379.png
ALTA;7;Esfigmomanômetro Preto Pamed;340842037;1000x1000;1600x1600;https://www.lemedical.com.br/produtos/esfigmomanometro-preto-pamed/;https://acdn-us.mitiendanube.com/stores/001/322/555/products/1-20849e99d5b20c798617597838649144.png
ALTA;8;Case Preta para Equipamentos Médicos LE Medical;186447383;1000x1000;1600x1600;https://www.lemedical.com.br/produtos/case-preta-para-equipamentos-medicos-le-medical/;https://acdn-us.mitiendanube.com/stores/001/322/555/products/estojo-case-preta-para-equipamentos-medicos-1-67c95a5869bc2c0e5e16993665802594.jpg
ALTA;10;Lanterna LED LT200 Preta Bioland;584337112;1000x1000;1600x1600;https://www.lemedical.com.br/produtos/lanterna-led-lt200-preta-bioland/;https://acdn-us.mitiendanube.com/stores/001/322/555/products/preta-f444e6e407834255f317611565989500.png
ALTA;16;Conjunto Acadêmico – Littmann Classic III Black Edition 5803 + Esfigmo Pamed Preto + Lanterna Clínica Preta + Case Preta;568420782;1000x1000;1600x1600;https://www.lemedical.com.br/produtos/conjunto-academico-littmann-classic-iii-black-edition-esfigmo-pamed-preto-lanterna-clinica-preta-case-preta/;https://acdn-us.mitiendanube.com/stores/001/322/555/products/5803-c5dee8fd23ac21651817879441533109.png
ALTA;21;Lanterna LED LT200 Prata Bioland;584347761;1000x1000;1600x1600;https://www.lemedical.com.br/produtos/lanterna-led-lt200-prata-bioland/;https://acdn-us.mitiendanube.com/stores/001/322/555/products/prata-1da0de57a70292df0917611565699307.png
ALTA;22;Conjunto Acadêmico – Littmann Classic III™ Chocolate 5809+ Esfigmo + Case + Lanterna + Oxímetro + Termômetro;1345339046;1000x1000;1600x1600;https://www.lemedical.com.br/produtos/kit-estetoscopio-littmann-5809-chocolate-esfigmo-case-lanterna-oximetro-termometro/;https://acdn-us.mitiendanube.com/stores/001/322/555/products/5809_lan-vermelha-88aab4b0e1912eef9117611569969517.png
ALTA;23;Oxímetro de Pulso BIC YK-80B - PRETO;186400458;1000x1000;1600x1600;https://www.lemedical.com.br/produtos/oximetro-de-pulso-bic-preto-yk-80b/;https://acdn-us.mitiendanube.com/stores/001/322/555/products/design-sem-nome-2026-04-01t171557-038-73aeee2a10ab48218517750745754148.png
ALTA;25;Oxímetro de Pulso Portátil Adulto BIC - YK-80A – CINZA;186392679;1000x1000;1600x1600;https://www.lemedical.com.br/produtos/oximetro-de-pulso-portatil-adulto-tipo-dedo-cinza-yk-80a-bic/;https://acdn-us.mitiendanube.com/stores/001/322/555/products/kit-pediatriconeotatal-oxi-3-fdead090f8e1b501bc17611650245006.png
ALTA;27;Lanterna LED LT200 Rosa Bioland;584343021;1000x1000;1600x1600;https://www.lemedical.com.br/produtos/lanterna-led-lt200-rosa-bioland/;https://acdn-us.mitiendanube.com/stores/001/322/555/products/rosa-8501eb4e64148b0fde17611563903744.png
ALTA;29;Conjunto Acadêmico – Littmann Classic III Preto 5620 + Esfigmo Pamed Preto + Lanterna Clínica Preta + Case Preta;833272198;1000x1000;1600x1600;https://www.lemedical.com.br/produtos/conjunto-academico-littmann-classic-iii-preto-esfigmo-pamed-preto-lanterna-clinica-preta-case-preta/;https://acdn-us.mitiendanube.com/stores/001/322/555/products/5620-3656821575e6641b1317879412531056.png
ALTA;31;Fita Métrica MD 1.5 metros Trena;584121626;1000x1000;1600x1600;https://www.lemedical.com.br/produtos/fita-metrica-md-1-5-metros-trena/;https://acdn-us.mitiendanube.com/stores/001/322/555/products/design-sem-nome-2026-09-22t105827-788-752c232b2e9af673e517900855409875.png
ALTA;32;Case Rosa para Equipamentos Médicos LE Medical;186442020;1000x1000;1600x1600;https://www.lemedical.com.br/produtos/case-rosa-para-equipamentos-medicos-le-medical/;https://acdn-us.mitiendanube.com/stores/001/322/555/products/estojo-case-rosa-para-equipamentos-medicos-1-ce1feffbed7e507b2b17037110601932.jpg
ALTA;33;Case Marrom para Equipamentos Médicos LE Medical;490649052;1000x1000;1600x1600;https://www.lemedical.com.br/produtos/case-marrom-para-equipamentos-medicos-le-medical/;https://acdn-us.mitiendanube.com/stores/001/322/555/products/estojo-case-marrom-para-equipamentos-medicos-1-626371616f3c54227516993664469461.jpg
ALTA;36;Esfigmomanômetro Bordo Pamed;490637100;1000x1000;1600x1600;https://www.lemedical.com.br/produtos/esfigmomanometro-bordo-pamed/;https://acdn-us.mitiendanube.com/stores/001/322/555/products/1-4d82fda7f9572e94c417598457297970.png
ALTA;38;Conjunto Acadêmico – Littmann Classic III Black Rainbow 5870 + Esfigmo Pamed Preto + Lanterna Clínica Preta + Case Preta;568422051;1000x1000;1600x1600;https://www.lemedical.com.br/produtos/conjunto-academico-littmann-classic-iii-black-rainbow-esfigmo-pamed-preto-lanterna-clinica-preta-case-preta/;https://acdn-us.mitiendanube.com/stores/001/322/555/products/5870-745946fac48874416917879462198358.png
ALTA;41;Case Vinho para Equipamentos Médicos LE Medical;790512256;1000x1000;1600x1600;https://www.lemedical.com.br/produtos/case-vinho-para-equipamentos-medicos-le-medical/;https://acdn-us.mitiendanube.com/stores/001/322/555/products/estojo-case-vinho-para-equipamentos-medicos-1-938b53617023af950217037111746389.jpg
ALTA;43;Kit de Reparo 3M Littmann® para Classic III™ e Cardiology IV™ – 40017 Cinza;341214129;1000x1000;1600x1600;https://www.lemedical.com.br/produtos/kit-reparo-40017-littmann-classic-iii-e-cardiology-iv-cinza-40017/;https://acdn-us.mitiendanube.com/stores/001/322/555/products/40017-4ecba52e7c6d13b33517623543637397.png
ALTA;45;Garrote Elástico P.A. MED - Preto;336675424;1000x1000;1600x1600;https://www.lemedical.com.br/produtos/garrote-elastico-pamed-preto/;https://acdn-us.mitiendanube.com/stores/001/322/555/products/1-818a112ebc865f221e17785910642995.png
ALTA;46;Oxímetro de Pulso para dedo Mediclini Light- PRETO;1267865235;1000x1000;1600x1600;https://www.lemedical.com.br/produtos/oximetro-de-pulso-para-dedo-mediclini-light-preto/;https://acdn-us.mitiendanube.com/stores/001/322/555/products/design-sem-nome-2026-04-01t173735-503-71b2b8d05353e1f1e017750758648920.png
ALTA;48;Oxímetro OLED G-Tech GRAPH;1005326153;1000x1000;1600x1600;https://www.lemedical.com.br/produtos/oximetro-oled-g-tech-graph/;https://acdn-us.mitiendanube.com/stores/001/322/555/products/oximetro-de-pulso-mediclini-prata-o-oximetro-de-pulso-mediclini-e-um-equipamento-portatil-e-nao-invasivo-desenvolvido-para-medir-a-saturacao-de-oxigenio-no-sangue-spo2-e-a-frequencia-cardiaca-5-bd67bc0376772c7b2017750773036075.png
ALTA;49;Conjunto Acadêmico – Littmann Classic III Vinho 5627 + Esfigmo Pamed Vinho + Lanterna Clínica Bordo + Case Vinho;833272921;1000x1000;1600x1600;https://www.lemedical.com.br/produtos/conjunto-academico-littmann-classic-iii-vinho-5627-esfigmo-pamed-vinho-lanterna-clinica-bordo-case-vinho/;https://acdn-us.mitiendanube.com/stores/001/322/555/products/5627-1-70c17b3d791a10f47317888866440981.png
ALTA;50;Oxímetro de Pulso para dedo Mediclini - Prata;638288988;1000x1000;1600x1600;https://www.lemedical.com.br/produtos/oximetro-de-pulso-para-dedo-mediclini-prata/;https://acdn-us.mitiendanube.com/stores/001/322/555/products/oximetro-de-pulso-mediclini-prata-o-oximetro-de-pulso-mediclini-e-um-equipamento-portatil-e-nao-invasivo-desenvolvido-para-medir-a-saturacao-de-oxigenio-no-sangue-spo2-e-a-frequencia-cardiaca-2-81244a82b9023c2e5717750767615938.png
ALTA;51;Conjunto Acadêmico – Littmann Classic III Framboesa Rainbow 5806 + Esfigmo Pamed Rosa + Lanterna Clínica Rosa + Case Rosa;568416193;1000x1000;1600x1600;https://www.lemedical.com.br/produtos/conjunto-academico-littmann-classic-iii-framboesa-rainbow-esfigmo-pamed-rosa-lanterna-clinica-rosa-case-rosa/;https://acdn-us.mitiendanube.com/stores/001/322/555/products/5806-e0aa6a5a30786b250017879469898901.png
ALTA;52;Case Branca para Equipamentos Médicos LE Medical;490648397;1000x1000;1600x1600;https://www.lemedical.com.br/produtos/case-branca-para-equipamentos-medicos-le-medical/;https://acdn-us.mitiendanube.com/stores/001/322/555/products/estojo-case-branco-para-equipamentos-medicos-1-32c68695a74b5d2cbb16993665430861.jpg
ALTA;53;Estetoscópio 3M™ Littmann® Cardiology IV™ 6240 Preto Rainbow;647540764;1000x1000;1600x1600;https://www.lemedical.com.br/produtos/estetoscopio-3m-littmann-cardiology-iv-preto-rainbow-6240/;https://acdn-us.mitiendanube.com/stores/001/322/555/products/6240-preto-rainbow-2-de0618479f21d37a1217810268660170.png
ALTA;54;Kit: Estetoscópio Littmann Classic III™ 5809 - Chocolate + Esfigmomanômetro P.A. Med - Preto;421382428;1000x1000;1600x1600;https://www.lemedical.com.br/produtos/kit-estetoscopio-littmann-classic-iii-chocolate-5809-esfigmomanometro-pamed-preto/;https://acdn-us.mitiendanube.com/stores/001/322/555/products/design-sem-nome-2026-08-31t104056-953-a62335bafc90e35c2317881848240946.png
ALTA;55;Conjunto Acadêmico – Littmann Classic III™ 5803 Black Edition + Esfigmo + Case + Lanterna + Oxímetro + Termômetro;1344745919;1000x1000;1600x1600;https://www.lemedical.com.br/produtos/kit-estetoscopio-littmann-5803-black-edition-esfigmo-case-lanterna-oximetro-termometro/;https://acdn-us.mitiendanube.com/stores/001/322/555/products/5803-a3377182853639857a17610750620356.png
ALTA;57;Estetoscópio BIC Eternity - Black Rainbow - Haste Preta;337076504;1000x1000;1600x1600;https://www.lemedical.com.br/produtos/estetoscopio-bic-eternity-black-rainbow-haste-preta/;https://acdn-us.mitiendanube.com/stores/001/322/555/products/5-7e923c657702eec45017847250191862.png
MEDIA;63;Oxímetro de Pulso para dedo Mediclini - Preto;638272839;1000x1000;1600x1600;https://www.lemedical.com.br/produtos/oximetro-de-pulso-para-dedo-mediclini-preto/;https://acdn-us.mitiendanube.com/stores/001/322/555/products/design-sem-nome-2026-04-01t174116-819-af384af6339be1129417750760871411.png
MEDIA;64;Case Cinza para Equipamentos Médicos LE Medical;643222646;1000x1000;1600x1600;https://www.lemedical.com.br/produtos/case-para-equipamentos-medicos-cinza/;https://acdn-us.mitiendanube.com/stores/001/322/555/products/estojo-case-cinza-para-equipamentos-medicos-1-c680a728aeb7fea2ef169936640815211-77f4c0a255c5a7a90f16993664256794.jpg
MEDIA;65;Estetoscópio 3M Littmann® Classic II Pediátrico 2153 – Azul Caribe Rainbow;530779176;1000x1000;1600x1600;https://www.lemedical.com.br/produtos/estetoscopio-3m-littmann-classic-ii-pediatrico-2153-azul-caribe-rainbow/;https://acdn-us.mitiendanube.com/stores/001/322/555/products/littmann-classic-ii-pediatrico-8ba484f100e5dfc64d17846353169611.png
MEDIA;68;Conjunto Acadêmico -Littmann Classic III Roxo 5831 + Esfigmo Pamed Roxo+ Lanterna Clínica Roxa+ Case Roxa;429433746;1000x1000;1600x1600;https://www.lemedical.com.br/produtos/littmann-classic-iii-3m-roxo-5831-esfigmo-pamed-roxo-case-roxa-lanterna-clinica-lilas/;https://acdn-us.mitiendanube.com/stores/001/322/555/products/5831-fda673eb23735c283417879476479912.png
MEDIA;70;Conjunto Acadêmico – Littmann Classic III Cinza 5621 + Esfigmo Pamed Preto + Lanterna Clínica Cinza + Case Cinza;568333526;1000x1000;1600x1600;https://www.lemedical.com.br/produtos/conjunto-academico-littmann-classic-iii-cinza-esfigmo-pamed-preto-lanterna-clinica-cinza-case-branca/;https://acdn-us.mitiendanube.com/stores/001/322/555/products/5621-e94846abbb6b5c3fca17879478948005.png
MEDIA;71;Case Azul Marinho para Equipamentos Médicos LE Medical;543921430;1000x1000;1600x1600;https://www.lemedical.com.br/produtos/case-azul-marinho-para-equipamentos-medicos-le-medical/;https://acdn-us.mitiendanube.com/stores/001/322/555/products/estojo-case-azul-marinho-para-equipamentos-medicos-1-d168bd6ffbe36967e016993663697614.jpg
MEDIA;75;Kit de Reparo 3M Littmann® para Classic II – 40005 Preto;459723036;1000x1000;1600x1600;https://www.lemedical.com.br/produtos/kit-de-reparo-40005-para-estetoscopios-littmann-classic-ii-40005-preto-3m/;https://acdn-us.mitiendanube.com/stores/001/322/555/products/40005-0829b5abb9b879d49d17623544329969.png
MEDIA;76;Estetoscópio 3M Littmann® Master Cardiology 2161 - Black Edition;417280547;1000x1000;1600x1600;https://www.lemedical.com.br/produtos/estetoscopio-littmann-master-cardiology-black-edition-2161/;https://acdn-us.mitiendanube.com/stores/001/322/555/products/_master-cardiology-2161-black-edition-5-8dd57bd8c6674ab38917823272157668.png
MEDIA;77;Esfigmomanômetro Azul Pamed;548209554;1000x1000;1600x1600;https://www.lemedical.com.br/produtos/esfigmomanometro-azul-pamed/;https://acdn-us.mitiendanube.com/stores/001/322/555/products/1-bed47b9bf9fa3acc3117598454788163.png
MEDIA;78;KIT SUTURA - LE MEDICAL - CHOCOLATE;1325731274;1000x1000;1600x1600;https://www.lemedical.com.br/produtos/kit-sutura-le-medical-chocolate/;https://acdn-us.mitiendanube.com/stores/001/322/555/products/1-f9fbfea0c3ffe4284b17591534055999.png
MEDIA;79;Fita Métrica Corporal Trena 1,5 metros - Bioland;1069525004;1000x1000;1600x1600;https://www.lemedical.com.br/produtos/fita-metrica-corporal-trena-15-metros-bioland1/;https://acdn-us.mitiendanube.com/stores/001/322/555/products/design-sem-nome-2026-09-22t105303-184-b67c8c22d8eaa440ef17900852010052.png
MEDIA;80;Lanterna LED LT200 Roxa Bioland;584352538;1000x1000;1600x1600;https://www.lemedical.com.br/produtos/lanterna-led-lt200-roxa-bioland/;https://acdn-us.mitiendanube.com/stores/001/322/555/products/roxa-1823e928a2fda397e117611564360420.png
MEDIA;81;Estetoscópio 3M Littmann® Lightweight II S.E. 2450 Preto;456805319;1000x1000;1600x1600;https://www.lemedical.com.br/produtos/estetoscopio-littmann-lightweight-preto-2450/;https://acdn-us.mitiendanube.com/stores/001/322/555/products/lightweight-ii-s-e-26-bc74f86779f3326ea517829122810439.png
MEDIA;82;Conjunto Acadêmico – Littmann Classic III 5630 Azul Celeste + Esfigmo Pamed Azul + Lanterna Clínica Prata + Case Branca;568344780;1000x1000;1600x1600;https://www.lemedical.com.br/produtos/conjunto-academico-littmann-classic-iii-azul-celeste-esfigmo-pamed-azul-lanterna-clinica-cinza-case-branca/;https://acdn-us.mitiendanube.com/stores/001/322/555/products/5630-1-419b21716ee1811c1217885315678566.png
MEDIA;84;Conjunto Acadêmico – Littmann Classic III Preto Smoke 5811 + Esfigmo Pamed Preto + Lanterna Clínica Preta + Case Preta;568360670;1000x1000;1600x1600;https://www.lemedical.com.br/produtos/conjunto-academico-littmann-classic-iii-smoke-esfigmo-pamed-preto-lanterna-clinica-preta-case-preta/;https://acdn-us.mitiendanube.com/stores/001/322/555/products/5811-e86a3b679b8835246017879488007717.png
MEDIA;86;Kit: Estetoscópio Littmann Classic III™ Chocolate 5809 + Esfigmomanômetro P.A. Med Bordo;421383541;1000x1000;1600x1600;https://www.lemedical.com.br/produtos/kit-estetoscopio-littmann-classic-iii-chocolate-5809-esfigmomanometro-pamed-bordo/;https://acdn-us.mitiendanube.com/stores/001/322/555/products/design-sem-nome-2026-08-31t105501-447-ae931a8fb094eef9fb17881845237417.png
MEDIA;87;Garrote Elástico P.A. MED - Rosa;336676555;1000x1000;1600x1600;https://www.lemedical.com.br/produtos/garrote-elastico-pamed-rosa/;https://acdn-us.mitiendanube.com/stores/001/322/555/products/7-0318b12eff8536ab9517785912001823.png
MEDIA;88;KIT SUTURA - LE MEDICAL - ROSA;1325724202;1000x1000;1600x1600;https://www.lemedical.com.br/produtos/kit-sutura-le-medical-rosa/;https://acdn-us.mitiendanube.com/stores/001/322/555/products/1-fd4628d4f09c0f70c017591529425437.png
MEDIA;90;Case Premium Preta para Estetoscópio;1520983885;1000x1000;1600x1600;https://www.lemedical.com.br/produtos/case-premium-preta-para-estetoscopio-1lo3q/;https://acdn-us.mitiendanube.com/stores/001/322/555/products/bordo-571649c0cb34c32cde17782725444395.png
MEDIA;91;Estetoscópio 3M Littmann® Lightweight II S.E. 2454 Azul Claro;417299108;1000x1000;1600x1600;https://www.lemedical.com.br/produtos/estetoscopio-littmann-lightweight-azul-claro-2454/;https://acdn-us.mitiendanube.com/stores/001/322/555/products/lightweight-ii-s-e-16-66a20121bf6367b4d017829084565511.png
MEDIA;92;Estetoscópio 3M Littmann® Master Cardiology 2175 - Preto com Bronze;417286114;1000x1000;1600x1600;https://www.lemedical.com.br/produtos/estetoscopio-littmann-master-cardiology-preto-com-bronze-2175/;https://acdn-us.mitiendanube.com/stores/001/322/555/products/_master-cardiology-2161-black-edition-11-f072c700fe64ab6e1a17823274237354.png
MEDIA;94;Conjunto Acadêmico – Littmann Classic III Rosa Perola + Esfigmo Pamed Rosa + Lanterna Clínica Rosa + Case Rosa;568417289;1000x1000;1600x1600;https://www.lemedical.com.br/produtos/conjunto-academico-littmann-classic-iii-rosa-perola-esfigmo-pamed-rosa-lanterna-clinica-rosa-case-rosa/;https://acdn-us.mitiendanube.com/stores/001/322/555/products/5633-1-25c506ef3ec6cfed0d17884647556482.png
MEDIA;98;Conjunto Acadêmico – Littmann Classic III Azul Marinho + Esfigmo Pamed Azul + Lanterna Clínica Azul + Case Azul;833273450;500x500;1600x1600;https://www.lemedical.com.br/produtos/conjunto-academico-littmann-classic-iii-azul-marinho-esfigmo-pamed-azul-lanterna-clinica-azul-case-azul/;https://acdn-us.mitiendanube.com/stores/001/322/555/products/whatsapp-image-2022-11-27-at-20-37-41-131-434256459962099e3817079941197248-1024-1024.webp
MEDIA;99;Esfigmomanômetro Rosa Pamed;340843354;1000x1000;1600x1600;https://www.lemedical.com.br/produtos/esfigmomanometro-rosa-pamed/;https://acdn-us.mitiendanube.com/stores/001/322/555/products/1-8b67433586947bc69517597825030204.png
MEDIA;101;Conjunto Acadêmico – Littmann Classic III Preto Espelhado 5861 + Esfigmo Pamed Preto + Lanterna Clínica Preta + Case Preta;568362496;1000x1000;1600x1600;https://www.lemedical.com.br/produtos/conjunto-academico-littmann-classic-iii-preto-espelhado-5861-esfigmo-pamed-preto-lanterna-clinica-preta-case-preta/;https://acdn-us.mitiendanube.com/stores/001/322/555/products/5861-03d29a50d56b99213417883792206504.png
MEDIA;103;Estetoscópio 3M Littmann® Lightweight II S.E. 2451 Vinho;417299567;1000x1000;1600x1600;https://www.lemedical.com.br/produtos/estetoscopio-littmann-lightweight-vinho-2451/;https://acdn-us.mitiendanube.com/stores/001/322/555/products/lightweight-ii-s-e-10-bdc778cfa30d423d3f17829080083168.png
MEDIA;105;Case Premium Chocolate para Estetoscópio;1520982158;1000x1000;1600x1600;https://www.lemedical.com.br/produtos/case-premium-marrom-para-estetoscopio-fkf6i/;https://acdn-us.mitiendanube.com/stores/001/322/555/products/bordo-fb20cc2887f1e6643f17782724348778.png
MEDIA;108;Estetoscópio 3M™ Littmann® Cardiology IV™ 6152 Preto ﻿;334185646;1000x1000;1600x1600;https://www.lemedical.com.br/produtos/estetoscopio-3m-littmann-cardiology-iv-preto-6152/;https://acdn-us.mitiendanube.com/stores/001/322/555/products/6239-roxo-rainbow-8-7cb48da28831ee676b17810965083425.png
MEDIA;112;Kit: Estetoscópio Littmann Classic III™ 5620 Preto + Esfigmomanômetro P.A. Med Preto;421390459;1000x1000;1600x1600;https://www.lemedical.com.br/produtos/kit-estetoscopio-littmann-classic-iii-preto-5620-esfigmomanometro-pamed-preto/;https://acdn-us.mitiendanube.com/stores/001/322/555/products/design-sem-nome-2026-08-31t171213-045-051c34c57f657a8c0117882071891027.png
MEDIA;114;Estetoscópio 3M™ Littmann® Cardiology IV™ 6179 Black Edition Champagne﻿;334083683;1000x1000;1600x1600;https://www.lemedical.com.br/produtos/estetoscopio-3m-littmann-cardiology-iv-black-edition-champagne-6179/;https://acdn-us.mitiendanube.com/stores/001/322/555/products/cardiology-iv-41-3291c8ffe10b96523a17810937489710.png
MEDIA;116;Estetoscópio 3M Littmann® Classic II Neonatal 2157 – Framboesa Rainbow;530752516;1000x1000;1600x1600;https://www.lemedical.com.br/produtos/estetoscopio-3m-littmann-classic-ii-neonatal-2157-framboesa-e-rainbow/;https://acdn-us.mitiendanube.com/stores/001/322/555/products/2-613cd2ddbb315c300517845487231562.png
MEDIA;117;Conjunto Acâdemico - Estetoscópio 3M Littmann® Classic III 5809 Chocolate + Case Premium para Estetoscópio LE Medical Marrom;1529396025;1000x1000;1600x1600;https://www.lemedical.com.br/produtos/conjunto-academico-estetoscopio-3m-littmann-classic-iii-5809-chocolate-case-premium-para-estetoscopio-le-medical-marrom-39kcq/;https://acdn-us.mitiendanube.com/stores/001/322/555/products/09-8b0219c12f1a774a7b17794530394987.png
MEDIA;120;Kit: Estetoscópio Littmann Classic III™ 5870 Black Rainbow + Esfigmomanômetro P.A. Med Preto;421381548;1000x1000;1600x1600;https://www.lemedical.com.br/produtos/kit-estetoscopio-littmann-classic-iii-black-rainbow-5870-esfigmomanometro-pamed-preto/;https://acdn-us.mitiendanube.com/stores/001/322/555/products/combo-littmann-case-3-eb8289bbbab2957cfa17883503702390.png
MEDIA;126;Kit: Estetoscópio Littmann Classic III™ Black Edition 5803 + Esfigmomanômetro P.A. Med Preto;421377482;1000x1000;1600x1600;https://www.lemedical.com.br/produtos/kit-estetoscopio-littmann-classic-iii-black-edition-5803-esfigmomanometro-pamed-preto/;https://acdn-us.mitiendanube.com/stores/001/322/555/products/design-sem-nome-2026-08-31t144841-278-5192ee23cdab98638917881989534299.png
MEDIA;127;Case Roxa para Equipamentos Médicos LE Medical;790513851;1000x1000;1600x1600;https://www.lemedical.com.br/produtos/case-roxa-para-equipamentos-medicos-le-medical/;https://acdn-us.mitiendanube.com/stores/001/322/555/products/estojo-case-roxo-para-equipamentos-medicos-1-eb5ca95ad402bbc05f17037113814031.jpg
MEDIA;128;Fita Antropométrica - Bioland;1070429571;500x500;1600x1600;https://www.lemedical.com.br/produtos/fita-antropometrica-bioland/;https://acdn-us.mitiendanube.com/stores/001/322/555/products/1-5241a1a728dadb074417322869434199.png
MEDIA;130;Kit: Estetoscópio Littmann Classic III™ Chocolate 5809 + Case Le Medical Marrom;430375756;1000x1000;1600x1600;https://www.lemedical.com.br/produtos/estetoscopio-littmann-classic-iii-chocolate-5809-case-marrom-le-medical/;https://acdn-us.mitiendanube.com/stores/001/322/555/products/design-sem-nome-2026-08-31t101832-201-8ac515c05aace9180e17881825854390.png
MEDIA;132;Termômetro Clínico Digital Bioland Vinho;1352654672;1000x1000;1600x1600;https://www.lemedical.com.br/produtos/termometro-clinico-digital-bioland-vinho/;https://acdn-us.mitiendanube.com/stores/001/322/555/products/1-66e232f83ff1a8f35a17617714812148.png
MEDIA;133;Garrote Elástico P.A. MED - Marrom;336679195;1000x1000;1600x1600;https://www.lemedical.com.br/produtos/garrote-elastico-pamed-marrom/;https://acdn-us.mitiendanube.com/stores/001/322/555/products/4-31517d58f10c312f8617785916511281.png
MEDIA;135;Conjunto Acadêmico – Littmann Classic III™ 5806 Framboesa Rainbow + Esfigmo + Case + Lanterna + Oxímetro + Termômetro;1345297594;1000x1000;1600x1600;https://www.lemedical.com.br/produtos/kit-estetoscopio-littmann-5806-framboesa-rainbow-esfigmo-case-lanterna-oximetro-termometro/;https://acdn-us.mitiendanube.com/stores/001/322/555/products/5806-66f66d30fc3f6b60d017611556055870.png
MEDIA;136;Estetoscópio BIC Eternity - Malbec Grafite;1268270392;1000x1000;1600x1600;https://www.lemedical.com.br/produtos/estetoscopio-bic-eternity-malbec-grafite/;https://acdn-us.mitiendanube.com/stores/001/322/555/products/_bic-eternity-25-6f0b87268e614c5bfe17847326977424.png
MEDIA;143;Kit: Estetoscópio Littmann Classic III™ Preto Espelhado 5861 + Esfigmomanômetro P.A. Med Preto;893255447;1000x1000;1600x1600;https://www.lemedical.com.br/produtos/conjunto-academico-littmann-classic-iii-preto-espelhado-5861-esfigmo-pamed-preto/;https://acdn-us.mitiendanube.com/stores/001/322/555/products/combo-littmann-case-10-312f31c178ec95706417883773380168.png
MEDIA;145;Estetoscópio Littmann Classic III™ Framboesa Rainbow 5806 + Esfigmomanômetro P.A. Med PINK;421389906;1000x1000;1600x1600;https://www.lemedical.com.br/produtos/kit-estetoscopio-littmann-classic-iii-framboesa-rainbow-5806-esfigmomanometro-pamed-rosa/;https://acdn-us.mitiendanube.com/stores/001/322/555/products/combo-littmann-case-2-57a0781d1067aba3b017882898110420.png
MEDIA;146;Otoscópio OMNI Xenon MD Preto;489129516;1000x1000;1600x1600;https://www.lemedical.com.br/produtos/otoscopio-omni-xenon-md-preto/;https://acdn-us.mitiendanube.com/stores/001/322/555/products/otoscopio-md-2-5v-omni-3000-xenon-halogena-fibra-optica-011-c46a9bc8c1850bc9f916568733132651-1024-1024.webp
MEDIA;147;Kit Sutura Completo Preto + Simulador de Nó - Le Medical;1484794335;1000x1000;1600x1600;https://www.lemedical.com.br/produtos/kit-sutura-completo-preto-simulado-de-no-le-medical-b3ha5/;https://acdn-us.mitiendanube.com/stores/001/322/555/products/design-sem-nome-72-64d204b312b7c5db0117744529328158.png
MEDIA;148;Estetoscópio BIC Eternity - Chocolate Rainbow;337080548;1000x1000;1600x1600;https://www.lemedical.com.br/produtos/estetoscopio-bic-eternity-chocolate-rainbow/;https://acdn-us.mitiendanube.com/stores/001/322/555/products/_bic-eternity-13-0ecbc5cbb26ba056d717847285768282.png
MEDIA;150;Garrote Elástico P.A. MED - Roxo;336677750;1000x1000;1600x1600;https://www.lemedical.com.br/produtos/garrote-elastico-pamed-roxo/;https://acdn-us.mitiendanube.com/stores/001/322/555/products/16-e5d4d841f4e3f4015517785911770635.png
MEDIA;151;APARELHO DE PRESSÃO BIC ADULTO NYLON VELCRO ROSA 0331;186333268;1000x1000;1600x1600;https://www.lemedical.com.br/produtos/aparelho-de-pressao-bic-adulto-nylon-velcro-rosa-0331/;https://acdn-us.mitiendanube.com/stores/001/322/555/products/design-sem-nome-2026-09-17t134854-456-c884dc89ae31af96fb17896637658658.png
MEDIA;152;Lanterna Clínica LED Prata LE Medical – Diagnóstico Profissional;1543669228;1000x1000;1600x1600;https://www.lemedical.com.br/produtos/lanterna-clinica-led-prata-le-medical-diagnostico-profissional-19txr/;https://acdn-us.mitiendanube.com/stores/001/322/555/products/lanterna-novas-le-medical-3-0f55cea82cfc0bcf4917815484736341.png
MEDIA;153;Conjunto Acadêmico – Littmann Lightweight 2451 Vinho + Esfigmo Pamed Bordo + Lanterna Clínica Bordo + Case Chocolate;568410506;1000x1000;1600x1600;https://www.lemedical.com.br/produtos/conjunto-academico-littmann-lightweight-vinho-esfigmo-pamed-bordo-lanterna-clinica-bordo-case-chocolate/;https://acdn-us.mitiendanube.com/stores/001/322/555/products/5868-3-673b134ad20059633617893936378424.png
MEDIA;155;Estetoscópio 3M Littmann Cardiology IV 6200 - Tubo Preto com Conector Vermelho;333435986;1000x1000;1600x1600;https://www.lemedical.com.br/produtos/estetoscopio-3m-littmann-cardiology-iv-6200-tubo-preto-com-conector-vermelho/;https://acdn-us.mitiendanube.com/stores/001/322/555/products/6200-2-9633ae0914be0c961817810961677251.png
MEDIA;156;Kit de Reparo 3M Littmann® para Lightweight™ – 40021 Marrom;456822352;1000x1000;1600x1600;https://www.lemedical.com.br/produtos/kit-de-reparo-40021-para-estetoscopios-littmann-lightweight-40021-marrom-3m/;https://acdn-us.mitiendanube.com/stores/001/322/555/products/40021-207843b66cd3419dc417623591241590.png
MEDIA;157;Kit de Reparo 3M Littmann® para Neonatal™ – 40013;456813310;1000x1000;1600x1600;https://www.lemedical.com.br/produtos/kit-de-reparo-40013-para-estetoscopios-littmann-neonatal-40013-3m/;https://acdn-us.mitiendanube.com/stores/001/322/555/products/40013-83e2a10c46f501a63917623544923006.png
MEDIA;158;Estetoscópio BIC Eternity - Rosa Pérola Rainbow;337084062;1000x1000;1600x1600;https://www.lemedical.com.br/produtos/estetoscopio-bic-eternity-rosa-perola-rainbow/;https://acdn-us.mitiendanube.com/stores/001/322/555/products/_bic-eternity-20-863842f441f7b0297a17847306157807.png
MEDIA;162;Conjunto Acadêmico – Littmann Classic III™ 5620 Preto + Esfigmo + Case + Lanterna + Oxímetro + Termômetro;1345289667;1000x1000;1600x1600;https://www.lemedical.com.br/produtos/kit-estetoscopio-littmann-5620-preto-esfigmo-case-lanterna-oximetro-termometro/;https://acdn-us.mitiendanube.com/stores/001/322/555/products/5620-613ee7b5cf1f88517617611554126042.png
MEDIA;163;Lanterna LED LT200 Azul Bioland;1269246569;1000x1000;1600x1600;https://www.lemedical.com.br/produtos/lanterna-led-lt200-azul-bioland/;https://acdn-us.mitiendanube.com/stores/001/322/555/products/azul-e221d1a66b5170a1b717611562974354.png
MEDIA;164;KIT Littmann® Classic III 5809 Chocolate + Esfigmo + Case + Lanterna + Oxímetro + Termômetro + Simulador de Nó + KIT de Sutura + Rélogio;1529111668;1000x1000;1600x1600;https://www.lemedical.com.br/produtos/kit-estetoscopio-littmann-classic-iii-5809-chocolate-esfigmo-case-lanterna-oximetro-termometro-simulador-de-no-kit-de-sutura-relogio-18a9t/;https://acdn-us.mitiendanube.com/stores/001/322/555/products/09-a972bdbe80ca009db017793957934690.png
MEDIA;165;Dinamômetro Digital de Mão Tmax DM-100;1352661435;1000x1000;1600x1600;https://www.lemedical.com.br/produtos/dinamometro-digital-de-mao-tmax-dm-100/;https://acdn-us.mitiendanube.com/stores/001/322/555/products/1-a4574285ec0a5f6b1e17617718415011.png
MEDIA;167;Kit: Estetoscópio Littmann Classic III™ Framboesa 5806 + Case Le Medical Pink;430384409;1000x1000;1600x1600;https://www.lemedical.com.br/produtos/estetoscopio-littmann-classic-iii-framboesa-rainbow-5806-case-rosa-le-medical/;https://acdn-us.mitiendanube.com/stores/001/322/555/products/combo-littmann-case-1d68e76bf2133ffd2e17882842405676.png
MEDIA;168;Estetoscópio 3M Littmann® Master Cardiology 2160 - Preto;417283759;1000x1000;1600x1600;https://www.lemedical.com.br/produtos/estetoscopio-littmann-master-cardiology-preto-2160/;https://acdn-us.mitiendanube.com/stores/001/322/555/products/_master-cardiology-2161-black-edition-13-791fb61975542cd87517823288380762.png
MEDIA;169;Estetoscópio BIC Eternity - Vinho Rainbow;495981632;1000x1000;1600x1600;https://www.lemedical.com.br/produtos/estetoscopio-bic-eternity-vinho-rainbow/;https://acdn-us.mitiendanube.com/stores/001/322/555/products/_bic-eternity-31-cf2a5354143716d08f17847396384414.png
MEDIA;171;Conjunto Acadêmico – Littmann Classic III 5623 Azul Caribe + Esfigmomanômetro Pamed Azul + Lanterna Clínica Azul + Case Azul;568391835;1000x1000;1600x1600;https://www.lemedical.com.br/produtos/conjunto-academico-littmann-classic-iii-azul-caribe-esfigmo-pamed-azul-lanterna-clinica-azul-case-azul/;https://acdn-us.mitiendanube.com/stores/001/322/555/products/5623-df142983e1c877925517889558568747.png
MEDIA;172;Estetoscópio 3M Littmann® Master Cardiology 2176 - Smoke Finish;417292789;1000x1000;1600x1600;https://www.lemedical.com.br/produtos/estetoscopio-littmann-master-cardiology-smoke-finish-3m-2176/;https://acdn-us.mitiendanube.com/stores/001/322/555/products/_master-cardiology-2161-black-edition-22-f22999a861df17aac217823298357009.png
MEDIA;173;Conjunto Acadêmico – Littmann Classic III 5807 Azul Caribe Rainbow + Esfigmo Pamed Preto + Lanterna Clínica Preta + Case Preta;568401214;1000x1000;1600x1600;https://www.lemedical.com.br/produtos/conjunto-academico-littmann-classic-iii-azul-caribe-rainbow-esfigmo-pamed-preto-lanterna-clinica-preta-case-preta/;https://acdn-us.mitiendanube.com/stores/001/322/555/products/5807-1-414adef8682927482217883593365163.png
MEDIA;174;Esfigmomanômetro Roxo Pamed;490633003;1000x1000;1600x1600;https://www.lemedical.com.br/produtos/esfigmomanometro-roxo-pamed/;https://acdn-us.mitiendanube.com/stores/001/322/555/products/1-c8707cade55d95de6a17598466716697.png
MEDIA;177;Estetoscópio BIC Eternity - Vinho Black;337087879;1000x1000;1600x1600;https://www.lemedical.com.br/produtos/estetoscopio-bic-eternity-vinho-black/;https://acdn-us.mitiendanube.com/stores/001/322/555/products/_bic-eternity-48-23b1cb05bf119b14dd17847479084453.png
MEDIA;178;Termômetro Digital Testa Infravermelho - Sem Contato Bioland;1383297263;1000x1000;1600x1600;https://www.lemedical.com.br/produtos/termometro-digital-testa-infravermelho-sem-contato-bioland-gat4m/;https://acdn-us.mitiendanube.com/stores/001/322/555/products/2-8734072cba25399f5417652869222665.png
MEDIA;182;Garrote Elástico P.A. MED - Azul;490661804;1000x1000;1600x1600;https://www.lemedical.com.br/produtos/garrote-elastico-pamed-azul/;https://acdn-us.mitiendanube.com/stores/001/322/555/products/10-d60ec7976c0d839f8717785916235123.png
MEDIA;183;Conjunto Acadêmico – Littmann Classic III™ 5831 Roxo + Esfigmo + Case + Lanterna + Oxímetro + Termômetro;1345345513;1000x1000;1600x1600;https://www.lemedical.com.br/produtos/kit-estetoscopio-littmann-5831-roxo-esfigmo-case-lanterna-oximetro-termometro/;https://acdn-us.mitiendanube.com/stores/001/322/555/products/5831-0f0e20ad5ac9985b2017611573397760.png
MEDIA;184;Conjunto Acadêmico – Littmann Classic III™ 5633 Rosa Pérola + Esfigmo + Case + Lanterna + Oxímetro + Termômetro;1345304052;1000x1000;1600x1600;https://www.lemedical.com.br/produtos/kit-estetoscopio-littmann-5633-rosa-perola-esfigmo-case-lanterna-oximetro-termometro/;https://acdn-us.mitiendanube.com/stores/001/322/555/products/5633-e51c014ff6d38b2c6417611557409204.png
MEDIA;187;Esfigmomanômetro Digital Pamed;490644545;1024x1024;1600x1600;https://www.lemedical.com.br/produtos/esfigmomanometro-digital-pamed/;https://acdn-us.mitiendanube.com/stores/001/322/555/products/121-010c557a69183d905016571602804973-1024-1024.webp
MEDIA;189;Kit de Olivas 3M Littmann® para Estetoscópios – 40001 Preto;1069515564;1000x1000;1600x1600;https://www.lemedical.com.br/produtos/kit-de-olivas-40001-estetoscopios-littmann-preto/;https://acdn-us.mitiendanube.com/stores/001/322/555/products/40001-32641e1888f90cacf717623592215977.png
MEDIA;191;Case Verde para Equipamentos Médicos LE Medical;430317042;1000x1000;1600x1600;https://www.lemedical.com.br/produtos/case-verde-para-equipamentos-medicos-le-medical/;https://acdn-us.mitiendanube.com/stores/001/322/555/products/estojo-case-verde-para-equipamentos-medicos-1-2b1d73d71c2b895dae17037105590813.jpg
MEDIA;193;KIT Estetoscópio Littmann 5627 Vinho + Esfigmo + Case + Lanterna + Oxímetro + Termômetro;1345357548;1000x1000;1600x1600;https://www.lemedical.com.br/produtos/kit-estetoscopio-littmann-5627-vinho-esfigmo-case-lanterna-oximetro-termometro/;https://acdn-us.mitiendanube.com/stores/001/322/555/products/5627-f2499ab278c7c7549b17611579003774.png
MEDIA;195;Conjunto Acadêmico – Littmann Classic III™ 5870 Black Rainbow + Esfigmo + Case + Lanterna + Oxímetro + Termômetro;1345265390;1000x1000;1600x1600;https://www.lemedical.com.br/produtos/kit-estetoscopio-littmann-5870-black-rainbow-esfigmo-case-lanterna-oximetro-termometro/;https://acdn-us.mitiendanube.com/stores/001/322/555/products/5870-cf1f9f6d5c3c9cc46717611547601448.png
MEDIA;198;KIT Estetoscópio Littmann Lightweight 2451 Vinho + Esfigmo + Case + Lanterna + Oxímetro + Termômetro;1345410476;1000x1000;1600x1600;https://www.lemedical.com.br/produtos/kit-estetoscopio-littmann-lightweight-2451-vinho-esfigmo-case-lanterna-oximetro-termometro/;https://acdn-us.mitiendanube.com/stores/001/322/555/products/2451-5ceeeb60607233769817611602978980.png
MEDIA;199;Conjunto Acadêmico – Littmann Classic III™ 5811 Black Smoke + Esfigmo + Case + Lanterna + Oxímetro + Termômetro;1345341139;1000x1000;1600x1600;https://www.lemedical.com.br/produtos/kit-estetoscopio-littmann-5811-black-smoke-esfigmo-case-lanterna-oximetro-termometro/;https://acdn-us.mitiendanube.com/stores/001/322/555/products/5811-c48a81e073703b955d17611570748090.png
MEDIA;200;Diferenciais;568406808;1000x1000;1600x1600;https://www.lemedical.com.br/produtos/conjunto-academico-littmann-lightweight-preto-esfigmo-pamed-preto-lanterna-clinica-preta-case-preta/;https://acdn-us.mitiendanube.com/stores/001/322/555/products/5803-4-98cd59158d6dce732517893912462990.png
BAIXA;202;Estetoscópio BIC Eternity - Branco Gold;337078789;1000x1000;1600x1600;https://www.lemedical.com.br/produtos/estetoscopio-bic-eternity-branco-gold/;https://acdn-us.mitiendanube.com/stores/001/322/555/products/_bic-eternity-52-44c4f570dce4e065a417847500200892.png
BAIXA;203;Lanterna LED LT200 Verde Bioland;584357783;1000x1000;1600x1600;https://www.lemedical.com.br/produtos/lanterna-led-lt200-verde-bioland/;https://acdn-us.mitiendanube.com/stores/001/322/555/products/verde-077075544cd2c7c9da17611564743966.png
BAIXA;204;Conjunto Acadêmico – Littmann Classic III Azul Caribe Rainbow + Esfigmo Pamed Azul + Lanterna Clínica Azul + Case Azul;568390084;500x500;1600x1600;https://www.lemedical.com.br/produtos/conjunto-academico-littmann-classic-iii-azul-caribe-rainbow-esfigmo-pamed-azul-lanterna-clinica-azul-case-azul/;https://acdn-us.mitiendanube.com/stores/001/322/555/products/whatsapp-image-2022-11-27-at-20-37-41-111-68809c39b2b8530bdb16715712854013.jpeg
BAIXA;206;Estetoscópio 3M™ Littmann® Cardiology IV™ 6241 - Framboesa Rainbow;647561866;1000x1000;1600x1600;https://www.lemedical.com.br/produtos/estetoscopio-3m-littmann-cardiology-iv-framboesa-rainbow-6241/;https://acdn-us.mitiendanube.com/stores/001/322/555/products/6241-framboesa-rainbow-15-73e7a724f502c539fb17896526594523.png
BAIXA;207;Conjunto Acadêmico – Littmann Classic III 5868 Vinho Black + Esfigmo Pamed Bordo + Lanterna Clínica Vinho + Case Chocolate;568358575;1000x1000;1600x1600;https://www.lemedical.com.br/produtos/conjunto-academico-littmann-classic-iii-vinho-black-esfigmo-pamed-bordo-lanterna-clinica-vinho-case-chocolate/;https://acdn-us.mitiendanube.com/stores/001/322/555/products/5868-2-6c68f550cd0094b1f617889000609109.png
BAIXA;208;Case Azul Celeste para Equipamentos Médicos LE Medical;543920302;1000x1000;1600x1600;https://www.lemedical.com.br/produtos/case-azul-celeste-para-equipamentos-medicos-le-medical/;https://acdn-us.mitiendanube.com/stores/001/322/555/products/estojo-case-azul-celeste-para-equipamentos-medicos-1-72b11c098f13bab42d16993664771064.jpg
BAIXA;209;Estetoscópio BIC Eternity - Azul Marinho Black;530587261;1000x1000;1600x1600;https://www.lemedical.com.br/produtos/estetoscopio-bic-eternity-azul-marinho-black/;https://acdn-us.mitiendanube.com/stores/001/322/555/products/_bic-eternity-61-415d8d605c24306e7c17848064519868.png
BAIXA;211;Oxímetro Pediátrico Bioland AT101C;1437559405;1000x1000;1600x1600;https://www.lemedical.com.br/produtos/oximetro-pediatrico-bioland-at101c-aui1f/;https://acdn-us.mitiendanube.com/stores/001/322/555/products/1-b6e874ace050f4428517707330667767.png
BAIXA;212;Conjunto Acadêmico – Littmann Classic III 5623 Azul Caribe + Esfigmo Pamed Preto + Lanterna Clínica Preta + Case Preta;568398831;1000x1000;1600x1600;https://www.lemedical.com.br/produtos/conjunto-academico-littmann-classic-iii-azul-caribe-esfigmo-pamed-preto-lanterna-clinica-preta-case-preta/;https://acdn-us.mitiendanube.com/stores/001/322/555/products/5623-1-44cfb0c67c2cb0b72217889563783151.png
BAIXA;213;KIT SUTURA - LE MEDICAL - AZUL;1325728932;1000x1000;1600x1600;https://www.lemedical.com.br/produtos/kit-sutura-le-medical-azul/;https://acdn-us.mitiendanube.com/stores/001/322/555/products/1-08a75171a3c6df31ff17591532588118.png
BAIXA;215;Conjunto Acadêmico – Littmann Classic III Azul Marinho Champagne 5863 + Esfigmo Pamed Azul + Lanterna Clínica Azul + Case Azul;568394877;1000x1000;1600x1600;https://www.lemedical.com.br/produtos/conjunto-academico-littmann-classic-iii-azul-marinho-champagne-5863-esfigmo-pamed-azul-lanterna-clinica-azul-case-azul/;https://acdn-us.mitiendanube.com/stores/001/322/555/products/5863-c0b707b76f204d9ac617884382641823.png
BAIXA;216;Estetoscópio BIC Eternity - Black Rainbow - Haste Dourada;530572893;1000x1000;1600x1600;https://www.lemedical.com.br/produtos/estetoscopio-bic-eternity-black-rainbow-haste-dourada/;https://acdn-us.mitiendanube.com/stores/001/322/555/products/_bic-eternity-62-e4bd0ac6197e84ccea17848081910988.png
BAIXA;217;Kit: Estetoscópio Littmann Classic III™ Rosa Pérola + Esfigmomanômetro P.A. Med Rosa;421391386;1000x1000;1600x1600;https://www.lemedical.com.br/produtos/kit-estetoscopio-littmann-classic-iii-rosa-perola-5633-esfigmomanometro-pamed-rosa/;https://acdn-us.mitiendanube.com/stores/001/322/555/products/combo-littmann-case-21-5703ba81df3845caa817884643707308.png
BAIXA;219;Otoscópio OMNI LED MD - Branco;1267829647;1000x1000;1600x1600;https://www.lemedical.com.br/produtos/otoscopio-omni-led-md-branco/;https://acdn-us.mitiendanube.com/stores/001/322/555/products/1-c2e8e5b7bd7fe942d817532260505234.png
BAIXA;221;Otoscópio OMNI LED MD - Roxo;489131447;474x474;1600x1600;https://www.lemedical.com.br/produtos/otoscopio-omni-led-md-roxo/;https://acdn-us.mitiendanube.com/stores/001/322/555/products/oip-12-62ee0d449f9bcb1a9817750700861301.webp
BAIXA;222;Kit de Reparo 40020 para Estetoscópios Littmann® Lightweight™ - 40020 Preto - 3M;456817814;1000x1000;1600x1600;https://www.lemedical.com.br/produtos/kit-de-reparo-40020-para-estetoscopios-littmann-lightweight-40020-preto-3m/;https://acdn-us.mitiendanube.com/stores/001/322/555/products/40020-9c093b0813ba8e8ba317623592751958.png
BAIXA;226;Termômetro Clínico Digital Bioland Rosa;1352653908;1000x1000;1600x1600;https://www.lemedical.com.br/produtos/termometro-clinico-digital-bioland-rosa/;https://acdn-us.mitiendanube.com/stores/001/322/555/products/1-8012f52baf5b00391617617713343613.png
BAIXA;227;Littmann Classic III 5861 Preto Espelhado + Case LE Medical Preta;893265822;1000x1000;1600x1600;https://www.lemedical.com.br/produtos/littmann-classic-iii-5861-preto-espelhado-case-le-medical-preta/;https://acdn-us.mitiendanube.com/stores/001/322/555/products/combo-littmann-case-9-68646d8b2ccbba34a517883769707370.png
BAIXA;229;Conjunto Acadêmico – Littmann Classic III™ 5861 Preto Espelhado + Esfigmo + Case + Lanterna + Oxímetro + Termômetro;1345285539;1000x1000;1600x1600;https://www.lemedical.com.br/produtos/kit-estetoscopio-littmann-5861-preto-espelhado-esfigmo-case-lanterna-oximetro-termometro/;https://acdn-us.mitiendanube.com/stores/001/322/555/products/5861-bbaece94fa03c6363717611552197934.png
BAIXA;231;Martelos Neurológicos Taylor MD - Vermelho;489135289;1000x1000;1600x1600;https://www.lemedical.com.br/produtos/martelos-neurologicos-taylor-md-vermelho/;https://acdn-us.mitiendanube.com/stores/001/322/555/products/1-07b4530554fae5615417792234716689.png
BAIXA;232;Kit: Estetoscópio Littmann Classic III™ Rosa Pérola 5633 + Esfigmomanômetro P.A. Med Rosa;430390246;1000x1000;1600x1600;https://www.lemedical.com.br/produtos/estetoscopio-littmann-classic-iii-rosa-perola-5633-case-rosa-le-medical/;https://acdn-us.mitiendanube.com/stores/001/322/555/products/combo-littmann-case-21-93f9e6c203b1d4382b17884619212077.png
BAIXA;233;Kit: Estetoscópio Littmann Classic III™ Chocolate 5809 + Case Preta LE Medical;430377909;1000x1000;1600x1600;https://www.lemedical.com.br/produtos/estetoscopio-littmann-classic-iii-chocolate-5809-case-preta-le-medical/;https://acdn-us.mitiendanube.com/stores/001/322/555/products/design-sem-nome-2026-08-31t103240-389-0b2774c70e4b61808c17881832755912.png
BAIXA;234;Estetoscópio 3M™ Littmann® Cardiology IV™ Vinho Espelhado - 6170;334156477;1000x1000;1600x1600;https://www.lemedical.com.br/produtos/estetoscopio-3m-littmann-cardiology-iv-vinho-espelhado-6170/;https://acdn-us.mitiendanube.com/stores/001/322/555/products/cardiology-iv-58-a88e8f52d4e944255117811784652243.png
BAIXA;235;Estetoscópio 3M™ Littmann® Cardiology IV™ 6156 - Roxo;333479606;1000x1000;1600x1600;https://www.lemedical.com.br/produtos/estetoscopio-3m-littmann-cardiology-iv-roxo-6156/;https://acdn-us.mitiendanube.com/stores/001/322/555/products/cardiology-iv-51-ec192347b1661ba27017811019187080.png
BAIXA;236;KIT Estetoscópio Littmann 5630 Azul Celeste + Esfigmo + Case + Lanterna + Oxímetro + Termômetro;1345333989;1000x1000;1600x1600;https://www.lemedical.com.br/produtos/kit-estetoscopio-littmann-5630-azul-celeste-esfigmo-case-lanterna-oximetro-termometro/;https://acdn-us.mitiendanube.com/stores/001/322/555/products/5630-branco-6700bc7f74e3e2d90b17611567046713.png
BAIXA;237;Estetoscópio 3M™ Littmann® Cardiology IV™ 6158 - Framboesa ﻿;334085670;1000x1000;1600x1600;https://www.lemedical.com.br/produtos/estetoscopio-3m-littmann-cardiology-iv-framboesa-6158/;https://acdn-us.mitiendanube.com/stores/001/322/555/products/cardiology-iv-65-2fae42e4d3933ebb5617811796184377.png
BAIXA;239;Case Premium Pink para Estetoscópio;1521004153;1000x1000;1600x1600;https://www.lemedical.com.br/produtos/case-premium-pink-para-estetoscopio-k81p0/;https://acdn-us.mitiendanube.com/stores/001/322/555/products/bordo-e39f39093e0ad5fdf617782732763117.png
BAIXA;240;KIT Estetoscópio Littmann 5864 Vinho Espelhado + Esfigmo + Case + Lanterna + Oxímetro + Termômetro;1345361302;1000x1000;1600x1600;https://www.lemedical.com.br/produtos/kit-estetoscopio-littmann-5864-vinho-espelhado-esfigmo-case-lanterna-oximetro-termometro/;https://acdn-us.mitiendanube.com/stores/001/322/555/products/5864-dc79440584d6d2f3aa17611580404008.png
BAIXA;242;Kit: Estetoscópio Littmann Classic III™ Azul Caribe 5623 + Esfigmo Pamed Azul;893255544;1000x1000;1600x1600;https://www.lemedical.com.br/produtos/conjunto-academico-littmann-classic-iii-azul-caribe-5623-esfigmo-pamed-azul/;https://acdn-us.mitiendanube.com/stores/001/322/555/products/combo-littmann-case-32-635b7b496465d059c617889529342166.png
BAIXA;243;Estetoscópio 3M Littmann® Classic II Pediátrico 2113 - Preto;530775614;1000x1000;1600x1600;https://www.lemedical.com.br/produtos/estetoscopio-3m-littmann-classic-ii-pediatrico-2113-preto/;https://acdn-us.mitiendanube.com/stores/001/322/555/products/littmann-classic-ii-pediatrico-21-5f444939344af347d717846622037145.png
BAIXA;244;Kit: Estetoscópio Littmann Classic III™ Roxo 5831 + Esfigmomanômetro P.A. Med Roxo;421394789;1000x1000;1600x1600;https://www.lemedical.com.br/produtos/kit-estetoscopio-littmann-classic-iii-roxo-5831-esfigmomanometro-pamed-roxo/;https://acdn-us.mitiendanube.com/stores/001/322/555/products/combo-littmann-case-24-26aa8ba8de1ae3069f17888694722668.png
BAIXA;245;Case Premium Cinza para Estetoscópio;1520976980;1000x1000;1600x1600;https://www.lemedical.com.br/produtos/case-premium-cinza-para-estetoscopio-o2fc8/;https://acdn-us.mitiendanube.com/stores/001/322/555/products/bordo-c87c8e5fddb9329a6f17782723020216.png
BAIXA;248;Kit Sutura Completo Marrom + Simulador de Nó - Le Medical;1492562400;1000x1000;1600x1600;https://www.lemedical.com.br/produtos/kit-sutura-completo-preto-simulado-de-no-le-medical-copia-ofapl/;https://acdn-us.mitiendanube.com/stores/001/322/555/products/design-sem-nome-75-fd289bcb2827402f8817751348837716.png
BAIXA;252;Oftalmoscópio Omni 3000 LED Preto com Estojo Macio MD;539046860;1000x1000;1600x1600;https://www.lemedical.com.br/produtos/oftalmoscopio-omni-3000-led-preto-com-estojo-macio-md/;https://acdn-us.mitiendanube.com/stores/001/322/555/products/design-sem-nome-90-22d72ce3b63e08a90617750669235554.png
BAIXA;254;Kit: Estetoscópio Littmann Classic III™ Cinza 5621 + Esfigmomanômetro P.A. Med Preto;421384371;1000x1000;1600x1600;https://www.lemedical.com.br/produtos/kit-estetoscopio-littmann-classic-iii-cinza-5621-esfigmomanometro-pamed-preto/;https://acdn-us.mitiendanube.com/stores/001/322/555/products/combo-littmann-case-35-1fad4686fe0eeae0cf17889600884748.png
BAIXA;255;Estetoscópio 3M Littmann® Lightweight II S.E. 2456 Rosa Perola com Areia;1056918165;1000x1000;1600x1600;https://www.lemedical.com.br/produtos/estetoscopio-littmann-lightweight-rosa-perola-com-areia-2456/;https://acdn-us.mitiendanube.com/stores/001/322/555/products/lightweight-ii-s-e-22-fd52778d572e2e1dab17829099165048.png
BAIXA;258;Garrote Elástico P.A. MED - Vermelho;490660498;1000x1000;1600x1600;https://www.lemedical.com.br/produtos/garrote-elastico-pamed-vermelho/;https://acdn-us.mitiendanube.com/stores/001/322/555/products/13-50808ec908521ecb5f17785911344596.png
BAIXA;259;Estetoscópio 3M™ Littmann® Cardiology IV™ Azul Black Edition - 6168;334152177;1000x1000;1600x1600;https://www.lemedical.com.br/produtos/estetoscopio-3m-littmann-cardiology-iv-azul-black-edition-6168/;https://acdn-us.mitiendanube.com/stores/001/322/555/products/cardiology-iv-79-a868ca9b1b95d04f5217811819854790.png
BAIXA;261;Case Premium Branca para Estetoscópio;1520970988;1000x1000;1600x1600;https://www.lemedical.com.br/produtos/case-premium-branca-para-estetoscopio-hdz85/;https://acdn-us.mitiendanube.com/stores/001/322/555/products/bordo-20ccc2fdda745c1d9717782720628993.png
BAIXA;262;KIT SUTURA - LE MEDICAL - ROXO;1478055446;1000x1000;1600x1600;https://www.lemedical.com.br/produtos/kit-sutura-le-medical-roxo-akrci/;https://acdn-us.mitiendanube.com/stores/001/322/555/products/1-ad1123dec4afe4571417737797891776.png
BAIXA;266;Fita Métrica Antropométrica com IMC LR-004 1,5m - LE Medical;1562289209;1000x1000;1600x1600;https://www.lemedical.com.br/produtos/fita-metrica-corporal-com-imc-lr-004-15m-le-medical-12yt6/;https://acdn-us.mitiendanube.com/stores/001/322/555/products/design-sem-nome-2026-07-20t174323-668-4ea2b387b9193973c117845802304539.png
BAIXA;267;Termômetro Infravermelho Sem Contato Easy Sensor Digital 2 em 1 - G-Tech;1491643753;1000x1000;1600x1600;https://www.lemedical.com.br/produtos/termometro-infravermelho-sem-contato-easy-sensor-digital-2-em-1-g-tech-1g62f/;https://acdn-us.mitiendanube.com/stores/001/322/555/products/design-sem-nome-61-9f60526986937299b117750494713224.png
BAIXA;271;Kit: Estetoscópio Littmann Classic III™ Black Rainbow 5870 + Case Preta LE Medical;430366433;1000x1000;1600x1600;https://www.lemedical.com.br/produtos/estetoscopio-littmann-classic-iii-black-rainbow-5870-case-preta-le-medical/;https://acdn-us.mitiendanube.com/stores/001/322/555/products/combo-littmann-case-4-23d7a6ad25c66fd6e517883501113185.png
BAIXA;272;Kit: Estetoscópio Littmann Classic III™ Roxo 5831 + Esfigmomanômetro P.A. Med Preto;421394186;1000x1000;1600x1600;https://www.lemedical.com.br/produtos/kit-estetoscopio-littmann-classic-iii-roxo-5831-esfigmomanometro-pamed-preto/;https://acdn-us.mitiendanube.com/stores/001/322/555/products/combo-littmann-case-23-0eafb5241fca3da60517885331115905.png
BAIXA;273;Kit Sutura Completo Rosa + Simulador de Nó - Le Medical;1492571809;1000x1000;1600x1600;https://www.lemedical.com.br/produtos/kit-sutura-completo-azul-simulado-de-no-le-medical-copia-1gzpf/;https://acdn-us.mitiendanube.com/stores/001/322/555/products/design-sem-nome-74-428ae296dc367a685f17751351663718.png
BAIXA;275;Conjunto Acadêmico – Littmann Classic III Rosa Pérola 5633 + Esfigmo Pamed Rosa + Lanterna Clínica Rosa + Case Rosa;893225925;1000x1000;1600x1600;https://www.lemedical.com.br/produtos/conjunto-academico-littmann-classic-iii-rosa-perola-5633-esfigmo-pamed-rosa-lanterna-clinica-rosa-case-rosa/;https://acdn-us.mitiendanube.com/stores/001/322/555/products/5633-1-e9eb4f2f68b4d9a67517884630890203.png
BAIXA;277;Estetoscópio 3M Littmann® Classic II Pediátrico 2113R – Vermelho;530774839;1000x1000;1600x1600;https://www.lemedical.com.br/produtos/estetoscopio-3m-littmann-classic-ii-pediatrico-2113r-vermelho/;https://acdn-us.mitiendanube.com/stores/001/322/555/products/littmann-classic-ii-pediatrico-16-d85c5d25edf20c926217846592253558.png
BAIXA;278;Estetoscópio Littmann Classic III Preto 5620 + Case Preta LE Medical;430391263;1000x1000;1600x1600;https://www.lemedical.com.br/produtos/estetoscopio-littmann-classic-iii-preto-5620-case-preta-le-medical/;https://acdn-us.mitiendanube.com/stores/001/322/555/products/design-sem-nome-2026-08-31t170409-642-f5ca7004c3caf6de3517882066551923.png
BAIXA;279;Simulador de Pele para Sutura 17x12cm;1477643427;1000x1000;1600x1600;https://www.lemedical.com.br/produtos/simulador-de-pele-realista-para-treinamento-de-sutura-maior-m00a0/;https://acdn-us.mitiendanube.com/stores/001/322/555/products/1-d6fde6a468a512d24017737582408919.png
BAIXA;280;Estetoscópio BIC Eternity - Cinza Black;530578709;1000x1000;1600x1600;https://www.lemedical.com.br/produtos/estetoscopio-bic-eternity-cinza-black/;https://acdn-us.mitiendanube.com/stores/001/322/555/products/_bic-eternity-69-22f3519e66cc8fc04d17848097828506.png
BAIXA;282;Estetoscópio Spirit® Pro-Lite Adulto Violeta;489092835;1000x1000;1600x1600;https://www.lemedical.com.br/produtos/estetoscopio-spirit-pro-lite-adulto-violeta/;https://acdn-us.mitiendanube.com/stores/001/322/555/products/design-sem-nome-2026-09-15t144901-909-dfa4a757be76bde72417894945512546.png
BAIXA;286;Lanterna Clínica LED Vinho LE Medical – Diagnóstico Profissional;1543670622;1000x1000;1600x1600;https://www.lemedical.com.br/produtos/lanterna-clinica-led-vinho-le-medical-diagnostico-profissional-171pi/;https://acdn-us.mitiendanube.com/stores/001/322/555/products/lanterna-novas-le-medical-9-aa024cf5f464161fd817815486387661.png
BAIXA;287;KIT Estetoscópio Littmann 5622 Azul Marinho + Esfigmo + Case + Lanterna + Oxímetro + Termômetro;1345370466;1000x1000;1600x1600;https://www.lemedical.com.br/produtos/kit-estetoscopio-littmann-5622-azul-marinho-esfigmo-case-lanterna-oximetro-termometro/;https://acdn-us.mitiendanube.com/stores/001/322/555/products/5622-5a7f9b549c80237c6d17611583178288.png
BAIXA;288;KIT Estetoscópio Littmann 5621 Cinza + Esfigmo + Case + Lanterna + Oxímetro + Termômetro;1345279548;1000x1000;1600x1600;https://www.lemedical.com.br/produtos/kit-estetoscopio-littmann-5621-cinza-esfigmo-case-lanterna-oximetro-termometro/;https://acdn-us.mitiendanube.com/stores/001/322/555/products/5621-eab5b153ead3bf717617611550145243.png
BAIXA;290;Kit Estetoscópio Littmann Classic III™ 5811 Preto Smoke + Esfigmo P.A. Med Preto;893255509;1000x1000;1600x1600;https://www.lemedical.com.br/produtos/conjunto-academico-littmann-classic-iii-preto-smoke-5811-esfigmo-pamed-preto/;https://acdn-us.mitiendanube.com/stores/001/322/555/products/combo-littmann-case-8-2d562258d1d2f3325917883609521310.png
BAIXA;291;Case Premium Azul Marinho para Estetoscópio - LE Medical;1520690773;1000x1000;1600x1600;https://www.lemedical.com.br/produtos/case-premium-azul-para-estetoscopio-le-medical-ifyzc/;https://acdn-us.mitiendanube.com/stores/001/322/555/products/azul-marinho-1-ea86e122b2d96cf60017782588418302.png
BAIXA;292;Otoscópio OMNI LED MD - Blueberry;1326864896;1000x1000;1600x1600;https://www.lemedical.com.br/produtos/otoscopio-omni-led-md-blueberry/;https://acdn-us.mitiendanube.com/stores/001/322/555/products/7-734c181be838d4717017592376688137.png
BAIXA;293;Conjunto Acadêmico – Littmann Lightweight Azul 2454 + Esfigmo Pamed Azul + Lanterna Clínica Azul + Case Azul;568408930;1000x1000;1600x1600;https://www.lemedical.com.br/produtos/conjunto-academico-littmann-lightweight-azul-esfigmo-pamed-azul-lanterna-clinica-azul-case-azul/;https://acdn-us.mitiendanube.com/stores/001/322/555/products/5630-3-19af58c2e984e2b9c417893923960474.png
BAIXA;295;Garrote Elástico P.A. MED - Verde;490663596;1000x1000;1600x1600;https://www.lemedical.com.br/produtos/garrote-elastico-pamed-verde/;https://acdn-us.mitiendanube.com/stores/001/322/555/products/19-5e4ae4d2733b5651ad17785916358366.png
BAIXA;296;Kit: Estetoscópio Littmann Classic Lightweight II S.E.™ Azul Claro 2454 + Esfigmomanômetro P.A. Med Preto;421409925;1000x1000;1600x1600;https://www.lemedical.com.br/produtos/kit-estetoscopio-littmann-classic-lightweight-azul-claro-2454-esfigmomanometro-pamed-preto/;https://acdn-us.mitiendanube.com/stores/001/322/555/products/5630-4-6952f1e77b3f50a26d17893944526362.png
BAIXA;297;Kit Estetoscópio Littmann Classic III Azul Marinho 5622 + Esfigmomanômetro Pamed Preto;421380245;1000x1000;1600x1600;https://www.lemedical.com.br/produtos/kit-estetoscopio-littmann-classic-iii-azul-marinho-5622-esfigmomanometro-pamed-preto/;https://acdn-us.mitiendanube.com/stores/001/322/555/products/combo-littmann-case-29-77a5a939387c65546017888888015523.png
BAIXA;298;Kit Estetoscópio Littmann Classic III Azul Celeste 5630 + Esfigmomanômetro Pamed Preto;421379093;1000x1000;1600x1600;https://www.lemedical.com.br/produtos/kit-estetoscopio-littmann-classic-iii-azul-celeste-5630-esfigmomanometro-pamed-preto/;https://acdn-us.mitiendanube.com/stores/001/322/555/products/combo-littmann-case-22-51908e49de0c6453e917884673137976.png
BAIXA;303;Estetoscópio 3M Littmann® Classic II™ Neonatal 2114R – Vermelho;530766364;1000x1000;1600x1600;https://www.lemedical.com.br/produtos/estetoscopio-3m-littmann-classic-ii-neonatal-2114r-vermelho/;https://acdn-us.mitiendanube.com/stores/001/322/555/products/littmann-classic-ii-neonatal-12-b8a599e3dcff59e32817845503565182.png
BAIXA;304;Estetoscópio Littmann Classic III Chocolate 5809 + Case Branca LE Medical;430371984;1000x1000;1600x1600;https://www.lemedical.com.br/produtos/estetoscopio-littmann-classic-iii-chocolate-5809-case-branca-le-medical/;https://acdn-us.mitiendanube.com/stores/001/322/555/products/design-sem-nome-2026-08-31t102508-984-3b11dc3d3dd570e55217881827224668.png
BAIXA;306;Simulador de Pele para Sutura 14,8x10,8cm;1477149478;1000x1000;1600x1600;https://www.lemedical.com.br/produtos/simulador-de-pele-realista-para-treinamento-de-sutura-h9eh7/;https://acdn-us.mitiendanube.com/stores/001/322/555/products/1-b4e24cd3df1cad698b17736916331092.png
BAIXA;307;Kit de Olivas 3M Littmann® para Estetoscópios – 40002 Cinza;1069506739;1000x1000;1600x1600;https://www.lemedical.com.br/produtos/kit-de-olivas-40002-estetoscopios-littmann-cinza/;https://acdn-us.mitiendanube.com/stores/001/322/555/products/40002-d854dc6889348b23fc17623593140003.png
BAIXA;308;Kit: Estetoscópio Littmann Classic III™ 5863 Azul Marinho Espelhado + Case Azul;893265803;1000x1000;1600x1600;https://www.lemedical.com.br/produtos/littmann-classic-iii-5863-azul-marinho-espelhado-case-azul/;https://acdn-us.mitiendanube.com/stores/001/322/555/products/combo-littmann-case-11-274fa88ed492e3257e17883820477657.png
BAIXA;310;Conjunto Enfermagem Preto: Estetoscopio Rappaport + Esfigmo Premium + Case LE Medical + Oximetro Mediclini + Garrote Pamed;841978088;1000x1000;1600x1600;https://www.lemedical.com.br/produtos/conjunto-enfermagem-preto-estetoscopio-rappaport-esfigmo-premium-case-le-medical-oximetro-mediclini-garrote-pamed/;https://acdn-us.mitiendanube.com/stores/001/322/555/products/design-sem-nome-2026-09-25t154431-516-2a17b7e916f8b9f37e17903618974937.png
BAIXA;311;Kit: Estetoscópio Littmann Classic III™ Vinho 5627 + Esfigmomanômetro P.A. Med Bordo;421395917;1000x1000;1600x1600;https://www.lemedical.com.br/produtos/kit-estetoscopio-littmann-classic-iii-vinho-5627-esfigmomanometro-pamed-bordo/;https://acdn-us.mitiendanube.com/stores/001/322/555/products/combo-littmann-case-27-dbf30ee8636deb64cf17888853685498.png
BAIXA;312;Estetoscópio 3M Littmann® Master Cardiology 2163 – Vinho;417287913;1000x1000;1600x1600;https://www.lemedical.com.br/produtos/estetoscopio-littmann-master-cardiology-vinho-2163/;https://acdn-us.mitiendanube.com/stores/001/322/555/products/_master-cardiology-2161-black-edition-28-2dd20c9e9375a8cd8517823317719538.png
BAIXA;313;Fita Métrica Antropométrica com BMI LR-003 1,5m - LE Medical;1562268302;1000x1000;1600x1600;https://www.lemedical.com.br/produtos/fita-metrica-corporal-lr-003-15m-le-medical-17k2w/;https://acdn-us.mitiendanube.com/stores/001/322/555/products/design-sem-nome-2026-07-20t172741-707-4c9a6a1735ba0dd2d917845792946593.png
BAIXA;314;Case Premium Roxo para Estetoscópio;1520964223;1000x1000;1600x1600;https://www.lemedical.com.br/produtos/case-premium-roxa-para-estetoscopio-rkuht/;https://acdn-us.mitiendanube.com/stores/001/322/555/products/bordo-b35e290c31553fe1be17782719049774.png
BAIXA;316;KIT Estetoscópio Littmann Lightweight 2450 Preto + Esfigmo + Case + Lanterna + Oxímetro + Termômetro;1345408172;1000x1000;1600x1600;https://www.lemedical.com.br/produtos/kit-estetoscopio-littmann-lightweight-2450-preto-esfigmo-case-lanterna-oximetro-termometro/;https://acdn-us.mitiendanube.com/stores/001/322/555/products/2450-532eaf91146457efa017611601561041.png
BAIXA;320;Conjunto Acadêmico – Littmann Classic III Vinho Black 5868 + Esfigmo Pamed Preto + Lanterna Clínica Preta + Case Preta;568357395;1000x1000;1600x1600;https://www.lemedical.com.br/produtos/conjunto-academico-littmann-classic-iii-vinho-black-esfigmo-pamed-preto-lanterna-clinica-preta-case-preta/;https://acdn-us.mitiendanube.com/stores/001/322/555/products/5868-1-f6f3fb25ed5a57affa17888983257509.png
BAIXA;321;Conjunto Acadêmico – Littmann Classic III Azul Celeste + Esfigmo Pamed Azul + Lanterna Clínica Azul + Case Azul;568347337;1000x1000;1600x1600;https://www.lemedical.com.br/produtos/conjunto-academico-littmann-classic-iii-azul-celeste-esfigmo-pamed-azul-lanterna-clinica-azul-case-azul/;https://acdn-us.mitiendanube.com/stores/001/322/555/products/5630-2-9ec15e26312636a44317885318529139.png
BAIXA;323;Estetoscópio Littmann Classic III 5831 Roxo 3M + Case Roxa LE Medical;430314286;1000x1000;1600x1600;https://www.lemedical.com.br/produtos/estetoscopio-littmann-classic-iii-5831-roxo-3m-case-roxa-le-medical/;https://acdn-us.mitiendanube.com/stores/001/322/555/products/combo-littmann-case-25-bd884c4e923c58c6d417888696595609.png
BAIXA;324;KIT Littmann® Cardiology IV 6240 Black Rainbow + Esfigmo + Case + Lanterna + Oxímetro + Termômetro + Simulador de Nó + KIT de Sutura + Rélogio;1566103271;1000x1000;1600x1600;https://www.lemedical.com.br/produtos/kit-littmann-cardiology-iv-6240-black-rainbow-esfigmo-case-lanterna-oximetro-termometro-simulador-de-no-kit-de-sutura-relogio-omrea/;https://acdn-us.mitiendanube.com/stores/001/322/555/products/kit-estudante-1-f4d920f5b66ff068be17851665538501.png
BAIXA;325;Lanterna Clínica LED Azul LE Medical – Diagnóstico Profissional;1543669992;1000x1000;1600x1600;https://www.lemedical.com.br/produtos/lanterna-clinica-led-azul-le-medical-diagnostico-profissional-168b0/;https://acdn-us.mitiendanube.com/stores/001/322/555/products/lanterna-novas-le-medical-7-8d41db04f8fff5acdb17815485784640.png
BAIXA;326;Oftalmoscópio Omni 3000 LED Branco com Estojo Macio MD;1267848925;1000x1000;1600x1600;https://www.lemedical.com.br/produtos/oftalmoscopio-omni-3000-led-branco-com-estojo-macio-md/;https://acdn-us.mitiendanube.com/stores/001/322/555/products/1-9c55bb44320d6ace0717532271199600.png
BAIXA;327;Omega 3 Concentrado EPA DHA 90 Cápsulas - LE Medical;1255815078;1000x1000;1600x1600;https://www.lemedical.com.br/produtos/omega-3-concentrado-epa-dha-90-capsulas-le-medical/;https://acdn-us.mitiendanube.com/stores/001/322/555/products/design-sem-nome-2-7d28a95e440a64162017527818708133.png
BAIXA;330;Fita Métrica Corporal Automática LR-005 1,5m - LE Medical;1562252373;1000x1000;1600x1600;https://www.lemedical.com.br/produtos/fita-metrica-corporal-15-metros-le-medical-1xmos/;https://acdn-us.mitiendanube.com/stores/001/322/555/products/design-sem-nome-2026-07-20t170917-724-1deee6f8ba0ddcf1ef17845781758083.png
BAIXA;331;KIT Littmann® Classic III 5803 Black Edition + Esfigmo + Case + Lanterna + Oxímetro + Termômetro + Simulador de Nó + KIT de Sutura + Rélogio;1536499194;1000x1000;1600x1600;https://www.lemedical.com.br/produtos/kit-littmann-classic-iii-5803-black-edition-esfigmo-case-lanterna-oximetro-termometro-simulador-de-no-kit-de-sutura-relogio-1i737/;https://acdn-us.mitiendanube.com/stores/001/322/555/products/03-a53a601e21d29d129f17804312157657.png
BAIXA;332;Conjunto Acâdemico - Estetoscópio 3M Littmann® Classic III 5806 Framboesa Rainbow + Case Premium para Estetoscópio LE Medical Rosa;1529382184;1000x1000;1600x1600;https://www.lemedical.com.br/produtos/conjunto-academico-estetoscopio-3m-littmann-classic-iii-5806-framboesa-rainbow-case-premium-para-estetoscopio-le-medical-rosa-qt58o/;https://acdn-us.mitiendanube.com/stores/001/322/555/products/06-3215590adbba55cd9817794509044757.png
BAIXA;336;KIT Estetoscópio Littmann 5863 Azul Espelhado + Esfigmo + Case + Lanterna + Oxímetro + Termômetro;1345365759;1000x1000;1600x1600;https://www.lemedical.com.br/produtos/kit-estetoscopio-littmann-5863-azul-espelhado-esfigmo-case-lanterna-oximetro-termometro/;https://acdn-us.mitiendanube.com/stores/001/322/555/products/5863-03635e035a1acc3be517611581469260.png
BAIXA;337;KIT Estetoscópio Littmann 5807 Azul Caribe Rainbow + Esfigmo + Case + Lanterna + Oxímetro + Termômetro;1345353401;1000x1000;1600x1600;https://www.lemedical.com.br/produtos/kit-estetoscopio-littmann-5807-azul-caribe-rainbow-esfigmo-case-lanterna-oximetro-termometro1/;https://acdn-us.mitiendanube.com/stores/001/322/555/products/5807_black-c99e9b268d5b97baff17611577880943.png
BAIXA;344;KIT Estetoscópio Littmann Lightweight 2456 Rosa + Esfigmo + Case + Lanterna + Oxímetro + Termômetro;1345411992;1000x1000;1600x1600;https://www.lemedical.com.br/produtos/kit-estetoscopio-littmann-lightweight-2456-rosa-esfigmo-case-lanterna-oximetro-termometro/;https://acdn-us.mitiendanube.com/stores/001/322/555/products/2456-bd45b96c3ca0ea889017611604246330.png
BAIXA;347;Conjunto Acadêmico – Littmann Classic III Vinho Espelhado 5864 + Esfigmo Pamed Bordo;893255588;1000x1000;1600x1600;https://www.lemedical.com.br/produtos/conjunto-academico-littmann-classic-iii-vinho-espelhado-5864-esfigmo-pamed-bordo/;https://acdn-us.mitiendanube.com/stores/001/322/555/products/combo-littmann-case-16-aa3441a0a306ef5c8017884478119007.png
BAIXA;348;Conjunto Acadêmico - Littmann Classic III Azul Espelhado 5863 + Esfigmo Pamed Azul;893255567;1000x1000;1600x1600;https://www.lemedical.com.br/produtos/conjunto-academico-littmann-classic-iii-azul-espelhado-5863-esfigmo-pamed-azul/;https://acdn-us.mitiendanube.com/stores/001/322/555/products/combo-littmann-case-13-4681fb6bc27d08dec117884342358858.png
BAIXA;352;Estetoscópio 3M™ Littmann® Cardiology IV™ 6176 - Vinho Champagne;334191151;1000x1000;1600x1600;https://www.lemedical.com.br/produtos/estetoscopio-3m-littmann-cardiology-iv-vinho-champagne-6176/;https://acdn-us.mitiendanube.com/stores/001/322/555/products/6176-1-0c5e34f19af49f28cd17811851138868.png
BAIXA;353;Case Premium Vinho para Estetoscópio - LE Medical;1520757680;1000x1000;1600x1600;https://www.lemedical.com.br/produtos/case-premium-vinho-para-estetoscopio-le-medical-1d2su/;https://acdn-us.mitiendanube.com/stores/001/322/555/products/bordo-bc9047a7911c44d6ec17782634512409.png
BAIXA;354;Bolsa para Água Quente 2L - Bioland;1383306889;1000x1000;1600x1600;https://www.lemedical.com.br/produtos/bolsa-para-agua-quente-2l-bioland-r55kp/;https://acdn-us.mitiendanube.com/stores/001/322/555/products/1-72c10526cb73e759fd17652877726478.png
BAIXA;357;ESFIGMOMANÔMETRO BIOLAND ANEROIDE VINHO;1352647662;1000x1000;1600x1600;https://www.lemedical.com.br/produtos/esfigmomanometro-bioland-aneroide-vinho/;https://acdn-us.mitiendanube.com/stores/001/322/555/products/6-0b8ade0d56338c349417617710156565.png
BAIXA;358;Estetoscópio 3M™ Littmann® Cardiology IV™ 6186c - Branco Alabastro Cetim com Preto Fosco;1269247399;1000x1000;1600x1600;https://www.lemedical.com.br/produtos/estetoscopio-3m-littmann-cardiology-ivbranco-alabastro-cetim-com-preto-fosco-6186c/;https://acdn-us.mitiendanube.com/stores/001/322/555/products/6-55eaccea440748584a17533699258975.png
BAIXA;360;Coenzima Q10 60 Cápsulas - LE Medical;1255821414;1000x1000;1600x1600;https://www.lemedical.com.br/produtos/coenzima-q10-60-capsulas-le-medical/;https://acdn-us.mitiendanube.com/stores/001/322/555/products/design-sem-nome-54-9525abee545e1f1b5017526055543979.png
BAIXA;361;Colágeno Tipo ll 60 Cápsulas - LE Medical;1255817462;1000x1000;1600x1600;https://www.lemedical.com.br/produtos/colageno-tipo-ll-60-capsulas-le-medical/;https://acdn-us.mitiendanube.com/stores/001/322/555/products/1-db180a76542ecae15817526059253529.png
BAIXA;362;Conjunto Acadêmico - Littmann Classic III Azul Marinho Espelhado 5863 + Esfigmo Pamed Preto;893255688;1000x1000;1600x1600;https://www.lemedical.com.br/produtos/conjunto-academico-littmann-classic-iii-azul-marinho-espelhado-5863-esfigmo-pamed-preto/;https://acdn-us.mitiendanube.com/stores/001/322/555/products/combo-littmann-case-15-4a4d8647b36ee593b117884347567487.png
BAIXA;364;Estetoscópio Littmann Classic III Azul Caribe 5623 + Case Branca LE Medical;430341383;1000x1000;1600x1600;https://www.lemedical.com.br/produtos/estetoscopio-littmann-classic-iii-azul-caribe-5623-case-branca-le-medical/;https://acdn-us.mitiendanube.com/stores/001/322/555/products/combo-littmann-case-31-621d9cf930be780aa917889525232349.png
BAIXA;367;Conjunto Acadêmico – Littmann Classic III™ 5630 Azul Celeste + Esfigmo + Case + Lanterna + Oxímetro + Termômetro;1345348015;1000x1000;1600x1600;https://www.lemedical.com.br/produtos/kit-estetoscopio-littmann-5630-azul-celeste-esfigmo-case-lanterna-oximetro-termometro1/;https://acdn-us.mitiendanube.com/stores/001/322/555/products/5630-00893c728e8e3e996b17611574841600.png
BAIXA;371;Conjunto Acadêmico - Littmann Classic III Vinho Espelhado 5864 + Esfigmo Pamed Preto;893255708;1000x1000;1600x1600;https://www.lemedical.com.br/produtos/conjunto-academico-littmann-classic-iii-vinho-espelhado-5864-esfigmo-pamed-preto/;https://acdn-us.mitiendanube.com/stores/001/322/555/products/combo-littmann-case-20-1109c030922f06316817884538597203.png
BAIXA;375;Estetoscópio Spirit® Pro-Lite Adulto Cinza Escuro Perolizado + Esfigmomanômetro Pamed Preto + Case LE Cinza+ Lanterna Prata;490616366;1000x1000;1600x1600;https://www.lemedical.com.br/produtos/estetoscopio-spirit-pro-lite-adulto-cinza-escuro-perolizado-esfigmomanometro-pamed-preto-case-le-preta-lanterna-mikatos-preta/;https://acdn-us.mitiendanube.com/stores/001/322/555/products/design-sem-nome-2026-09-25t110525-803-9413614234dae7b36117903451403828.png
BAIXA;377;Estetoscópio Littmann Classic III Cinza 5621 + Case Cinza LE Medical;430379602;1000x1000;1600x1600;https://www.lemedical.com.br/produtos/estetoscopio-littmann-classic-iii-cinza-5621-case-preta-le-medical/;https://acdn-us.mitiendanube.com/stores/001/322/555/products/combo-littmann-case-34-7bd13ba1289987b10217889591481182.png
BAIXA;378;Kit Estetoscópio Littmann Classic Lightweight 2451 Vinho + Esfigmomanômetro Pamed Vinho;421407046;1000x1000;1600x1600;https://www.lemedical.com.br/produtos/kit-estetoscopio-littmann-classic-lightweight-2451-esfigmomanometro-pamed-preto/;https://acdn-us.mitiendanube.com/stores/001/322/555/products/combo-littmann-case-47-717b62130c3b8a548117893952672411.png
BAIXA;379;Estetoscópio 3M Littmann® Master Cardiology 2164 – Azul Marinho;417291047;1000x1000;1600x1600;https://www.lemedical.com.br/produtos/estetoscopio-littmann-master-cardiology-azul-marinho-2164/;https://acdn-us.mitiendanube.com/stores/001/322/555/products/_master-cardiology-6-010ce14d8684eb56d417823321763779.png
BAIXA;380;KIT Littmann® Classic III 5633 Rosa Pérola + Esfigmo + Case + Lanterna + Oxímetro + Termômetro + Simulador de Nó + KIT de Sutura + Rélogio;1536513729;1000x1000;1600x1600;https://www.lemedical.com.br/produtos/kit-littmann-classic-iii-5633-rosa-perola-esfigmo-case-lanterna-oximetro-termometro-simulador-de-no-kit-de-sutura-relogio-1mzqb/;https://acdn-us.mitiendanube.com/stores/001/322/555/products/33-90a13e73bc62ba842f17804320506067.png
BAIXA;381;Conjunto Acâdemico - Estetoscópio 3M Littmann® Classic III 5627 Vinho + Case Premium para Estetoscópio LE Medical Vinho;1529378426;1000x1000;1600x1600;https://www.lemedical.com.br/produtos/conjunto-academico-estetoscopio-3m-littmann-classic-iii-5627-vinho-case-premium-para-estetoscopio-le-medical-vinho-9pp2d/;https://acdn-us.mitiendanube.com/stores/001/322/555/products/27-89076fc02c3caa171217794502632488.png
BAIXA;382;KIT Relógio de Lapela LE Medical - Marrom + Garrote Elástico para Enfermagem P.A. MED - Marrom;1523072630;1000x1000;1600x1600;https://www.lemedical.com.br/produtos/kit-relogio-de-lapela-le-medical-marrom-garrote-elastico-para-enfermagem-p-a-med-marrom-17db1/;https://acdn-us.mitiendanube.com/stores/001/322/555/products/mar-68daa363099eda035317786080910390.png
BAIXA;386;KIT Estetoscópio Littmann 5910C Rosa Champagne Cetim com Inox + Esfigmo + Case + Lanterna + Oxímetro + Termômetro;1345388186;1000x1000;1600x1600;https://www.lemedical.com.br/produtos/kit-estetoscopio-littmann-5910c-rosa-champagne-cetim-com-inox-esfigmo-case-lanterna-oximetro-termometro/;https://acdn-us.mitiendanube.com/stores/001/322/555/products/5910c-9edb86019c7b8863c317611589109426.png
BAIXA;387;Estetoscópio Rappaport Black Preto – P.A. MED;1267886164;1000x1000;1600x1600;https://www.lemedical.com.br/produtos/estetoscopio-rappaport-black-preto-p-a-med/;https://acdn-us.mitiendanube.com/stores/001/322/555/products/5-f668c4a7fe336a9df217532292088938.png
BAIXA;389;Conjunto Acadêmico – Littmann Classic III Vinho Champagne 5864 + Esfigmo Pamed Vinho + Lanterna Clínica Vinho + Case Vinho;893225769;1000x1000;1600x1600;https://www.lemedical.com.br/produtos/conjunto-academico-littmann-classic-iii-vinho-champagne-5864-esfigmo-pamed-vinho-lanterna-clinica-vinho-case-vinho/;https://acdn-us.mitiendanube.com/stores/001/322/555/products/5864-a0136d8eaaabd13a0f17884583584088.png
BAIXA;391;Estetoscópio Littmann Classic III Black Edition 5803 + Case Branca LE Medical;430347833;1000x1000;1600x1600;https://www.lemedical.com.br/produtos/estetoscopio-littmann-classic-iii-black-edition-5803-case-branca-le-medical/;https://acdn-us.mitiendanube.com/stores/001/322/555/products/design-sem-nome-2026-08-31t141707-542-23dbb306b2cbda952717881975356734.png
BAIXA;392;Kit Estetoscópio Littmann Classic III Vinho Black 5868 + Esfigmomanômetro Pamed Bordo;421399021;1000x1000;1600x1600;https://www.lemedical.com.br/produtos/kit-estetoscopio-littmann-classic-iii-vinho-black-5868-esfigmomanometro-pamed-bordo/;https://acdn-us.mitiendanube.com/stores/001/322/555/products/combo-littmann-case-30-e028e9c9ad27304a0317888967682940.png
BAIXA;393;KIT Littmann® Classic III 5621 Cinza + Esfigmo + Case + Lanterna + Oxímetro + Termômetro + Simulador de Nó + KIT de Sutura + Rélogio;1536534781;1000x1000;1600x1600;https://www.lemedical.com.br/produtos/kit-littmann-classic-iii-5621-cinza-esfigmo-case-lanterna-oximetro-termometro-simulador-de-no-kit-de-sutura-relogio-cyumr/;https://acdn-us.mitiendanube.com/stores/001/322/555/products/21-c8aeff67bbcdc23f1817804334695121.png
BAIXA;394;KIT Littmann® Classic III 5861 Preto Espelhado + Esfigmo + Case + Lanterna + Oxímetro + Termômetro + Simulador de Nó + KIT de Sutura + Rélogio;1536509104;1000x1000;1600x1600;https://www.lemedical.com.br/produtos/kit-littmann-classic-iii-5861-preto-champagne-esfigmo-case-lanterna-oximetro-termometro-simulador-de-no-kit-de-sutura-relogio-i2pda/;https://acdn-us.mitiendanube.com/stores/001/322/555/products/61-77414d11898777ad8a17854333157612.png
BAIXA;395;Conjunto Acâdemico - Estetoscópio 3M Littmann® Classic III 5807 Azul Caribe Rainbow + Case Premium para Estetoscópio LE Medical Azul;1529383713;1000x1000;1600x1600;https://www.lemedical.com.br/produtos/conjunto-academico-estetoscopio-3m-littmann-classic-iii-5807-azul-caribe-rainbow-case-premium-para-estetoscopio-le-medical-azul-1ir3a/;https://acdn-us.mitiendanube.com/stores/001/322/555/products/07-412c436abd5855cae617794513135800.png
BAIXA;396;KIT Relógio de Lapela LE Medical - Preto + Garrote Elástico para Enfermagem P.A. MED - Preto;1523053407;1000x1000;1600x1600;https://www.lemedical.com.br/produtos/kit-relogio-de-lapela-le-medical-preto-garrote-elastico-para-enfermagem-p-a-med-preto-1nept/;https://acdn-us.mitiendanube.com/stores/001/322/555/products/prt-8a624a68efeda137f817786065914117.png
BAIXA;397;Conjunto Acadêmico – Estetoscópio BIC Eternity Total Black + Esfigmo + Case + Lanterna + Oxímetro + Termômetro;1518726589;1000x1000;1600x1600;https://www.lemedical.com.br/produtos/conjunto-academico-estetoscopio-bic-eternity-total-black-esfigmo-case-lanterna-oximetro-termometro-vwuje/;https://acdn-us.mitiendanube.com/stores/001/322/555/products/allblk-fa9f2467bc73d25f8e17780099811899.png
BAIXA;398;KIT Estetoscópio Bic Efficace Preto + Esfigmo + Case + Lanterna;1347680233;1000x1000;1600x1600;https://www.lemedical.com.br/produtos/kit-estetoscopio-bic-efficace-preto-esfigmo-case-lanterna/;https://acdn-us.mitiendanube.com/stores/001/322/555/products/ef-preto-42df29c1b665d014ba17613195568568.png
BAIXA;399;KIT Estetoscópio Littmann 5623 Azul Caribe + Esfigmo + Case + Lanterna + Oxímetro + Termômetro;1345350391;1000x1000;1600x1600;https://www.lemedical.com.br/produtos/kit-estetoscopio-littmann-5623-azul-caribe-esfigmo-case-lanterna-oximetro-termometro/;https://acdn-us.mitiendanube.com/stores/001/322/555/products/5623-7cca365bfaf0d8c57617611576203059.png
BAIXA;400;KIT Estetoscópio Littmann 5807 Azul Caribe Rainbow + Esfigmo + Case + Lanterna + Oxímetro + Termômetro;1345343839;1000x1000;1600x1600;https://www.lemedical.com.br/produtos/kit-estetoscopio-littmann-5807-azul-caribe-rainbow-esfigmo-case-lanterna-oximetro-termometro/;https://acdn-us.mitiendanube.com/stores/001/322/555/products/5807-e2f97b735f271928a117611572136253.png
BAIXA;408;Lanterna Clínica LED Dourada LE Medical – Diagnóstico Profissional;1543667435;1000x1000;1600x1600;https://www.lemedical.com.br/produtos/lanterna-clinica-led-dourada-le-medical-diagnostico-profissional-ary6n/;https://acdn-us.mitiendanube.com/stores/001/322/555/products/lanterna-novas-le-medical-1-57c60487127fca189c17815484093562.png
BAIXA;410;KIT Littmann® Classic III 5863 Azul Marinho Espelhado + Esfigmo + Case + Lanterna + Oxímetro + Termômetro + Simulador de Nó + KIT de Sutura + Rélogio;1536524632;1000x1000;1600x1600;https://www.lemedical.com.br/produtos/kit-littmann-classic-iii-5864-azul-espelhado-esfigmo-case-lanterna-oximetro-termometro-simulador-de-no-kit-de-sutura-relogio-358ho/;https://acdn-us.mitiendanube.com/stores/001/322/555/products/63-15c2172d800de397c817804327652137.png
BAIXA;411;KIT Littmann® Classic III 5627 Vinho + Esfigmo + Case + Lanterna + Oxímetro + Termômetro + Simulador de Nó + KIT de Sutura + Rélogio;1536521441;1000x1000;1600x1600;https://www.lemedical.com.br/produtos/kit-littmann-classic-iii-5627-vinho-esfigmo-case-lanterna-oximetro-termometro-simulador-de-no-kit-de-sutura-relogio-7ipil/;https://acdn-us.mitiendanube.com/stores/001/322/555/products/27-0811ad64c5b2eddd7617804324276418.png
BAIXA;412;Case Verde Militar para Equipamentos Médicos LE Medical;1525358491;1000x1000;1600x1600;https://www.lemedical.com.br/produtos/case-verde-militar-para-equipamentos-medicos-le-medical-gjfmw/;https://acdn-us.mitiendanube.com/stores/001/322/555/products/militar-af9247c9b225bc3f9e17788782050915.png
BAIXA;413;Kit Sutura Completo Roxo + Simulador de Nó - Le Medical;1492577911;1000x1000;1600x1600;https://www.lemedical.com.br/produtos/kit-sutura-completo-roxo-simulado-de-no-le-medical-lucku/;https://acdn-us.mitiendanube.com/stores/001/322/555/products/design-sem-nome-77-a858addb92d72eea0a17751353694124.png
BAIXA;414;Kit Sutura Completo Azul + Simulador de Nó - Le Medical;1492568974;1000x1000;1600x1600;https://www.lemedical.com.br/produtos/kit-sutura-completo-marrom-simulado-de-no-le-medical-copia-1f943/;https://acdn-us.mitiendanube.com/stores/001/322/555/products/design-sem-nome-76-3ff9a313b77cb1ab7517751350979342.png
BAIXA;419;KIT Estetoscópio Rappaport P.A. MED Vinho Black + Esfigmo + Case + Lanterna;1354398080;1000x1000;1600x1600;https://www.lemedical.com.br/produtos/kit-estetoscopio-rappaport-p-a-med-vinho-black-esfigmo-case-lanterna/;https://acdn-us.mitiendanube.com/stores/001/322/555/products/vin-9c45bb64482b9c56f117619382330320.png
BAIXA;420;KIT Estetoscópio Littmann 5623 Azul Caribe + Esfigmo + Case + Lanterna + Oxímetro + Termômetro;1345351786;1000x1000;1600x1600;https://www.lemedical.com.br/produtos/kit-estetoscopio-littmann-5623-azul-caribe-esfigmo-case-lanterna-oximetro-termometro1/;https://acdn-us.mitiendanube.com/stores/001/322/555/products/5623_black-ecf4dee7bf3f76e81a17611577205963.png
BAIXA;421;Mini Otoscópio Mikatos Led - Verde;1269246902;1000x1000;1600x1600;https://www.lemedical.com.br/produtos/mini-otoscopio-mikatos-led-verde/;https://acdn-us.mitiendanube.com/stores/001/322/555/products/design-sem-nome-98-f387f6e02a7634677d17750712291155.png
BAIXA;422;Estetoscópio Rappaport Black Vinho – P.A. MED;1267886986;1000x1000;1600x1600;https://www.lemedical.com.br/produtos/estetoscopio-rappaport-black-vinho-p-a-med/;https://acdn-us.mitiendanube.com/stores/001/322/555/products/4-4d37d7bf9c7b182eee17532294929553.png
BAIXA;423;Vitamina Cabelo, Pele e Unha 60 Cápsulas - LE Medical;1255818966;1000x1000;1600x1600;https://www.lemedical.com.br/produtos/vitamina-cabelo-pele-e-unha-60-capsulas-le-medical/;https://acdn-us.mitiendanube.com/stores/001/322/555/products/design-sem-nome-53-3cc2bb8bf112b7b3fb17521987153012.png
BAIXA;424;Creatina Monoidratada 100% Pura - Le Medical;1255816608;1000x1000;1600x1600;https://www.lemedical.com.br/produtos/creatina-monoidratada-100-pura-le-medical/;https://acdn-us.mitiendanube.com/stores/001/322/555/products/1-8472546d39556dda2a17526062503214.png
BAIXA;425;Conjunto Acadêmico - Littmann Classic III Azul Caribe Rainbow 5807 + Esfigmo Pamed Azul;893255476;1000x1000;1600x1600;https://www.lemedical.com.br/produtos/conjunto-academico-littmann-classic-iii-azul-caribe-rainbow-5807-esfigmo-pamed-azul/;https://acdn-us.mitiendanube.com/stores/001/322/555/products/combo-littmann-case-7-d8d35da24b4881d86e17883561895154.png
BAIXA;427;Conjunto Enfermagem Rosa: Estetoscopio Rappaport + Esfigmo Premium + Case LE Medical + Oximetro Mediclini + Garrote Pamed;841978376;1000x1000;1600x1600;https://www.lemedical.com.br/produtos/conjunto-enfermagem-rosa-estetoscopio-rappaport-esfigmo-premium-case-le-medical-oximetro-mediclini-garrote-pamed/;https://acdn-us.mitiendanube.com/stores/001/322/555/products/design-sem-nome-2026-09-25t154438-067-e4099662122a905dd117903620932121.png
BAIXA;428;Conjunto Acadêmico – Littmann Classic III 5622 Azul Marinho + Esfigmo Pamed Preta + Lanterna Clínica Preta + Case Preta;568396688;1000x1000;1600x1600;https://www.lemedical.com.br/produtos/conjunto-academico-littmann-classic-iii-azul-marinho-esfigmo-pamed-preta-lanterna-clinica-preta-case-preta/;https://acdn-us.mitiendanube.com/stores/001/322/555/products/5622-1-963f1d425009180d8417888947559107.png
BAIXA;431;Oxímetro Pediátrico OLED Graph - G-TECH;1574351177;1000x1000;1600x1600;https://www.lemedical.com.br/produtos/oximetro-pediatrico-g-tech-1watq/;https://acdn-us.mitiendanube.com/stores/001/322/555/products/design-sem-nome-2026-08-10t172511-240-73a8fff7bb15d1f91e17863935210384.png
BAIXA;432;KIT Littmann® Classic III 5864 Vinho Espelhado + Esfigmo + Case + Lanterna + Oxímetro + Termômetro + Simulador de Nó + KIT de Sutura + Rélogio;1536518379;1000x1000;1600x1600;https://www.lemedical.com.br/produtos/kit-littmann-classic-iii-5864-vinho-espelhado-esfigmo-case-lanterna-oximetro-termometro-simulador-de-no-kit-de-sutura-relogio-1fq4a/;https://acdn-us.mitiendanube.com/stores/001/322/555/products/64-4aecc38dadb5f38b3617804323217387.png
BAIXA;433;KIT Littmann® Classic III 5806 Framboesa Rainbow + Esfigmo+ Case + Lanterna + Oxímetro + Termômetro + Simulador de Nó + KIT de Sutura + Rélogio;1536511189;1000x1000;1600x1600;https://www.lemedical.com.br/produtos/kit-littmann-classic-iii-5806-framboesa-rainbow-esfigmo-case-lanterna-oximetro-termometro-simulador-de-no-kit-de-sutura-relogio-1yz0h/;https://acdn-us.mitiendanube.com/stores/001/322/555/products/06-45f406036fc4d0342917804319060679.png
BAIXA;434;KIT Littmann® Classic III 5811 Preto Smoke + Esfigmo + Case + Lanterna + Oxímetro + Termômetro + Simulador de Nó + KIT de Sutura + Rélogio;1536505531;1000x1000;1600x1600;https://www.lemedical.com.br/produtos/kit-littmann-classic-iii-5811-preto-e-cinza-esfigmo-case-lanterna-oximetro-termometro-simulador-de-no-kit-de-sutura-relogio-copia-copia-copia-1fdlr/;https://acdn-us.mitiendanube.com/stores/001/322/555/products/11-9ef17d4f693a5a4fcf17804315624523.png
BAIXA;435;KIT Littmann® Classic III 5620 Preto + Esfigmo + Case + Lanterna + Oxímetro + Termômetro + Simulador de Nó + KIT de Sutura + Rélogio;1536504206;1000x1000;1600x1600;https://www.lemedical.com.br/produtos/kit-littmann-classic-iii-5620-preto-esfigmo-case-lanterna-oximetro-termometro-simulador-de-no-kit-de-sutura-relogio-copia-copia-dzlrh/;https://acdn-us.mitiendanube.com/stores/001/322/555/products/20-c6de2e72961bcfd9d417804314573622.png
BAIXA;436;KIT Littmann® Classic III 5870 Preto Rainbow + Esfigmo+ Case + Lanterna + Oxímetro + Termômetro + Simulador de Nó + KIT de Sutura + Rélogio;1536503244;1000x1000;1600x1600;https://www.lemedical.com.br/produtos/kit-littmann-classic-iii-5870-black-rainbow-esfigmo-case-lanterna-oximetro-termometro-simulador-de-no-kit-de-sutura-relogio-copia-1si70/;https://acdn-us.mitiendanube.com/stores/001/322/555/products/70-8b9263fadc76c4d44717804313715987.png
BAIXA;437;Conjunto Acâdemico - Estetoscópio 3M Littmann® Classic III 5831 Roxo + Case Premium para Estetoscópio LE Medical Roxo;1529393960;1000x1000;1600x1600;https://www.lemedical.com.br/produtos/conjunto-academico-estetoscopio-3m-littmann-classic-iii-5831-roxo-case-premium-para-estetoscopio-le-medical-roxo-31ck7/;https://acdn-us.mitiendanube.com/stores/001/322/555/products/31-820d5a2cfc6b4e8df917794527987372.png
BAIXA;438;Conjunto Acâdemico - Estetoscópio 3M Littmann® Classic III 5622 Azul Marinho + Case Premium para Estetoscópio LE Medical Azul;1529383221;1000x1000;1600x1600;https://www.lemedical.com.br/produtos/conjunto-academico-estetoscopio-3m-littmann-classic-iii-5622-azul-marinho-case-premium-para-estetoscopio-le-medical-azul-1ammr/;https://acdn-us.mitiendanube.com/stores/001/322/555/products/22-1d66751bd83523f09c17794512077059.png
BAIXA;439;Conjunto Acâdemico - Estetoscópio 3M Littmann® Classic III 5910C Rosa Champagne + Case Premium para Estetoscópio LE Medical Rosa;1529382494;1000x1000;1600x1600;https://www.lemedical.com.br/produtos/conjunto-academico-estetoscopio-3m-littmann-classic-iii-5910c-rosa-champagne-case-premium-para-estetoscopio-le-medical-rosa-kvqom/;https://acdn-us.mitiendanube.com/stores/001/322/555/products/12c-4bfb906b7b128c1b9a17794510259856.png
BAIXA;440;Conjunto Acâdemico - Estetoscópio 3M Littmann® Classic III 5633 Rosa Pérola + Case Premium para Estetoscópio LE Medical Rosa;1529381663;1000x1000;1600x1600;https://www.lemedical.com.br/produtos/conjunto-academico-estetoscopio-3m-littmann-classic-iii-5633-rosa-perola-case-premium-para-estetoscopio-le-medical-rosa-ning4/;https://acdn-us.mitiendanube.com/stores/001/322/555/products/33-867c07d2310234ad1e17794508079275.png
BAIXA;441;Conjunto Acâdemico - Estetoscópio 3M Littmann® Classic III 5861 Preto Champanhe+ Case Premium para Estetoscópio LE Medical Preta;1529375990;1000x1000;1600x1600;https://www.lemedical.com.br/produtos/conjunto-academico-estetoscopio-3m-littmann-classic-iii-5861-preto-champagne-case-premium-para-estetoscopio-le-medical-preta-68etq/;https://acdn-us.mitiendanube.com/stores/001/322/555/products/61-3239add9a7ee671eb517794498451158.png
BAIXA;442;Conjunto Acadêmico – Estetoscópio BIC Eternity Vinho Black + Esfigmo + Case + Lanterna + Oxímetro + Termômetro;1518743650;1000x1000;1600x1600;https://www.lemedical.com.br/produtos/conjunto-academico-estetoscopio-bic-eternity-vinho-black-esfigmo-case-lanterna-oximetro-termometro-131eq/;https://acdn-us.mitiendanube.com/stores/001/322/555/products/vinho-black-9afce0bcff7714e6fd17780112022984.png
BAIXA;443;Conjunto Acadêmico – Estetoscópio BIC Eternity Vinho Rainbow + Esfigmo + Case + Lanterna + Oxímetro + Termômetro;1518735022;1000x1000;1600x1600;https://www.lemedical.com.br/produtos/conjunto-academico-estetoscopio-bic-eternity-vinho-rainbow-esfigmo-case-lanterna-oximetro-termometro-copia-1v1h4/;https://acdn-us.mitiendanube.com/stores/001/322/555/products/vinho-rainbow-083cde4ebec264ca8417780106275998.png
BAIXA;447;Cadeira de Rodas Dobrável em Aço até 120 Kg D100 Dellamed;1375634654;1000x1000;1600x1600;https://www.lemedical.com.br/produtos/cadeira-de-rodas-dobravel-em-aco-ate-120-kg-d100-dellamed-xgwun/;https://acdn-us.mitiendanube.com/stores/001/322/555/products/1-7e5d90036867c4ad0a17642726316466.png
BAIXA;451;KIT Estetoscópio Bic Efficace Vinho + Esfigmo + Case + Lanterna;1347707128;1000x1000;1600x1600;https://www.lemedical.com.br/produtos/kit-estetoscopio-bic-efficace-vinho-esfigmo-case-lanterna/;https://acdn-us.mitiendanube.com/stores/001/322/555/products/ef-vin-fcdf95d53e4324440417613211310935.png
BAIXA;452;KIT Estetoscópio Littmann Lightweight 2454 Azul Claro+ Esfigmo + Case + Lanterna + Oxímetro + Termômetro;1345405378;1000x1000;1600x1600;https://www.lemedical.com.br/produtos/kit-estetoscopio-littmann-lightweight-2454-azul-esfigmo-case-lanterna-oximetro-termometro/;https://acdn-us.mitiendanube.com/stores/001/322/555/products/2454-993efedbf6935d143417611600174009.png
BAIXA;453;KIT Estetoscópio Littmann 5868 Vinho Black + Esfigmo + Case + Lanterna + Oxímetro + Termômetro;1345337006;1000x1000;1600x1600;https://www.lemedical.com.br/produtos/kit-estetoscopio-littmann-5868-vinho-black-esfigmo-case-lanterna-oximetro-termometro/;https://acdn-us.mitiendanube.com/stores/001/322/555/products/5868-c8ce55d0d59792d42117611568533012.png
BAIXA;455;Conjunto Acadêmico – Littmann Classic III Verde Smoke 5875 + Esfigmo Pamed Verde + Lanterna Clínica Verde + Case Verde;909699386;1000x1000;1600x1600;https://www.lemedical.com.br/produtos/conjunto-academico-littmann-classic-iii-verde-smoke-5875-esfigmo-pamed-verde-lanterna-clinica-verde-case-verde/;https://acdn-us.mitiendanube.com/stores/001/322/555/products/5875-1-a4ebadbfa9f61cfc2a17893867995276.png
BAIXA;456;Littmann Classic III 5875 Verde Limão + Case LE Medical Verde;893265937;1000x1000;1600x1600;https://www.lemedical.com.br/produtos/littmann-classic-iii-5875-verde-limao-case-le-medical-verde/;https://acdn-us.mitiendanube.com/stores/001/322/555/products/combo-littmann-case-44-20f163c6cde8f2cadd17890733941678.png
BAIXA;457;Conjunto Acadêmico - Littmann Classic III Azul Caribe Rainbow 5807 + Esfigmo Pamed Preto;893255416;1000x1000;1600x1600;https://www.lemedical.com.br/produtos/conjunto-academico-littmann-classic-iii-azul-caribe-rainbow-5807-esfigmo-pamed-preto/;https://acdn-us.mitiendanube.com/stores/001/322/555/products/combo-littmann-case-6-7a6a54f7a5a9fb8e2017883557108593.png
BAIXA;458;Estetoscópio 3M Littmann® Classic II™ Neonatal 2114 – Preto;530758301;1024x1024;1600x1600;https://www.lemedical.com.br/produtos/estetoscopio-3m-littmann-classic-ii-neonatal-2114-preto/;https://acdn-us.mitiendanube.com/stores/001/322/555/products/design-sem-nome-4-564b4d7cb77360369917139889941246-1024-1024-f1f1be4b3843858f9717845516153905.webp
BAIXA;460;Estadiômetro de Parede LR-006 2m - LE Medical;1562304214;1000x1000;1600x1600;https://www.lemedical.com.br/produtos/estadiometro-antropometro-le-medical-30cq8/;https://acdn-us.mitiendanube.com/stores/001/322/555/products/design-sem-nome-2026-07-21t082119-877-4dcd9d94c5c07823bf17846329679964.png
BAIXA;461;KIT Littmann® Classic III 5631 Roxo + Esfigmo + Case + Lanterna + Oxímetro + Termômetro + Simulador de Nó + KIT de Sutura + Rélogio;1536533841;1000x1000;1600x1600;https://www.lemedical.com.br/produtos/kit-littmann-classic-iii-5831-roxo-esfigmo-case-lanterna-oximetro-termometro-simulador-de-no-kit-de-sutura-relogio-2zpe5/;https://acdn-us.mitiendanube.com/stores/001/322/555/products/31-b9a8d5b3323c17dac417804333647088.png
BAIXA;462;KIT Littmann® Classic III 5622 Azul Marinho + Esfigmo + Case + Lanterna + Oxímetro + Termômetro + Simulador de Nó + KIT de Sutura + Rélogio;1536526790;1000x1000;1600x1600;https://www.lemedical.com.br/produtos/kit-littmann-classic-iii-5622-azul-marinho-esfigmo-case-lanterna-oximetro-termometro-simulador-de-no-kit-de-sutura-relogio-11700/;https://acdn-us.mitiendanube.com/stores/001/322/555/products/22-6f19c8b023a0e9e71717804328628415.png
BAIXA;463;Conjunto Acâdemico - Estetoscópio 3M Littmann® Classic III 5912C Azul Marine + Case Premium para Estetoscópio LE Medical Branca;1529392277;1000x1000;1600x1600;https://www.lemedical.com.br/produtos/conjunto-academico-estetoscopio-3m-littmann-classic-iii-5912c-azul-marine-case-premium-para-estetoscopio-le-medical-branca-5klbn/;https://acdn-us.mitiendanube.com/stores/001/322/555/products/12c1-62ea1efa63800bef0e17794521758502.png
BAIXA;464;Conjunto Acâdemico - Estetoscópio 3M Littmann® Classic III 5620 Preto + Case Premium para Estetoscópio LE Medical Preta;1529375350;1000x1000;1600x1600;https://www.lemedical.com.br/produtos/conjunto-academico-estetoscopio-3m-littmann-classic-iii-5620-preto-case-premium-para-estetoscopio-le-medical-preta-1x9vg/;https://acdn-us.mitiendanube.com/stores/001/322/555/products/20-a4d3860bbaa86d6ce017794496581451.png
BAIXA;465;Relógio de Lapela Vermelho - LE Medical;1520964779;1000x1000;1600x1600;https://www.lemedical.com.br/produtos/relogio-de-lapela-vermelho-le-medical-4e74l/;https://acdn-us.mitiendanube.com/stores/001/322/555/products/le-medical-9-605e8a00200e2f419917785158392057.png
BAIXA;466;Relógio de Lapela Amarelo - LE Medical;1520940993;1000x1000;1600x1600;https://www.lemedical.com.br/produtos/relogio-de-lapela-amarelo-le-medical-v7ssv/;https://acdn-us.mitiendanube.com/stores/001/322/555/products/le-medical-10-6194788175ea9f296a17785167603881.png
BAIXA;467;Conjunto Acadêmico – Estetoscópio BIC Eternity Malbec Grafite + Esfigmo + Case + Lanterna + Oxímetro + Termômetro;1518737036;1000x1000;1600x1600;https://www.lemedical.com.br/produtos/conjunto-academico-estetoscopio-bic-eternity-malbec-grafite-esfigmo-case-lanterna-oximetro-termometro-copia-copia-16ddu/;https://acdn-us.mitiendanube.com/stores/001/322/555/products/malbec-aa0af8c3bc8628393617780107336918.png
BAIXA;468;Conjunto Acadêmico – Estetoscópio BIC Eternity Chocolate Rainbow + Esfigmo + Case + Lanterna + Oxímetro + Termômetro;1518732777;1000x1000;1600x1600;https://www.lemedical.com.br/produtos/conjunto-academico-estetoscopio-bic-eternity-chocolate-rainbow-esfigmo-case-lanterna-oximetro-termometro-1w4oz/;https://acdn-us.mitiendanube.com/stores/001/322/555/products/chocolate-e6e087b0877a09dfb617780104519173.png
BAIXA;469;Conjunto Acadêmico – Estetoscópio BIC Eternity Black Rainbow + Esfigmo + Case + Lanterna + Oxímetro + Termômetro;1518719850;1000x1000;1600x1600;https://www.lemedical.com.br/produtos/conjunto-academico-estetoscopio-bic-eternity-black-rainbow-esfigmo-case-lanterna-oximetro-termometro-1hspw/;https://acdn-us.mitiendanube.com/stores/001/322/555/products/blkr-a3716da93381a79ac417780096652992.png
BAIXA;474;Umidificador Ultrassônico BIoland GL 6690;1352793791;1000x1000;1600x1600;https://www.lemedical.com.br/produtos/umidificador-ultrassonico-bioland-gl-6690/;https://acdn-us.mitiendanube.com/stores/001/322/555/products/1-94d2caf901f6f5317317617830589247.png
BAIXA;475;KIT Estetoscópio Littmann 5912C Azul Marine Cetim com Inox + Esfigmo + Case + Lanterna + Oxímetro + Termômetro;1345391288;1000x1000;1600x1600;https://www.lemedical.com.br/produtos/kit-estetoscopio-littmann-5912c-azul-marine-cetim-com-inox-esfigmo-case-lanterna-oximetro-termometro/;https://acdn-us.mitiendanube.com/stores/001/322/555/products/5912c-009d5aa87ff09578a417611592892494.png
BAIXA;476;Estetoscópio Rappaport Black Cinza – P.A. MED;1267889798;1000x1000;1600x1600;https://www.lemedical.com.br/produtos/estetoscopio-rappaport-black-cinza-p-a-med/;https://acdn-us.mitiendanube.com/stores/001/322/555/products/2-4a831f93a9badce52417532296970024.png
BAIXA;478;Littmann Classic III 5864 Vinho Espelhado + Case LE Medical Preta;893265918;1000x1000;1600x1600;https://www.lemedical.com.br/produtos/littmann-classic-iii-5864-vinho-espelhado-case-le-medical-preta/;https://acdn-us.mitiendanube.com/stores/001/322/555/products/combo-littmann-case-19-cef9f8a1f9f60b0b6917884473283554.png
BAIXA;479;Estetoscópio Littmann® Classic III 5872 Azul Turquesa Smoke + Esfigmomanômetro Pamed Azul;893255622;1000x1000;1600x1600;https://www.lemedical.com.br/produtos/conjunto-academico-bic-eternity-azul-turquesa-smoke-5872-esfigmo-premium-azul/;https://acdn-us.mitiendanube.com/stores/001/322/555/products/combo-littmann-case-40-6296e3fb67ebcf8c3617889854126054.png
BAIXA;480;Conjunto Acadêmico – Littmann Classic III 5872 Azul Turquesa Smoke + Esfigmo Pamed Preto + Lanterna Clínica Preta + Case Preta;568352562;1000x1000;1600x1600;https://www.lemedical.com.br/produtos/conjunto-academico-littmann-classic-iii-azul-turquesa-smoke-esfigmo-pamed-preto-lanterna-clinica-preta-case-preta/;https://acdn-us.mitiendanube.com/stores/001/322/555/products/5872-7a188c18c0d5b7911417889877357580.png
BAIXA;482;Estetoscópio Littmann Classic III Preto 5620 + Case Branca LE Medical;430392179;1000x1000;1600x1600;https://www.lemedical.com.br/produtos/estetoscopio-littmann-classic-iii-preto-5620-case-branca-le-medical/;https://acdn-us.mitiendanube.com/stores/001/322/555/products/design-sem-nome-2026-08-31t170210-247-b18ed7f6ec8f82dd4017882070565355.png
BAIXA;484;KIT Littmann® Classic III 5868 Vinho Black + Esfigmo + Case + Lanterna + Oxímetro + Termômetro + Simulador de Nó + KIT de Sutura + Rélogio;1536535997;1000x1000;1600x1600;https://www.lemedical.com.br/produtos/kit-littmann-classic-iii-5868-vinho-e-preto-esfigmo-case-lanterna-oximetro-termometro-simulador-de-no-kit-de-sutura-relogio-16f5p/;https://acdn-us.mitiendanube.com/stores/001/322/555/products/68vin-03a509910fb22673d917804335965438.png
BAIXA;485;KIT Littmann® Classic III 5630 Azul Celeste + Esfigmo + Case + Lanterna + Oxímetro + Termômetro + Simulador de Nó + KIT de Sutura + Rélogio;1536530739;1000x1000;1600x1600;https://www.lemedical.com.br/produtos/kit-littmann-classic-iii-5630-azul-celeste-esfigmo-case-lanterna-oximetro-termometro-simulador-de-no-kit-de-sutura-relogio-enkxo/;https://acdn-us.mitiendanube.com/stores/001/322/555/products/30-2c9610aae4c3f6ab0717804331488467.png
BAIXA;486;KIT Littmann® Classic III 5803 Black Edition + Esfigmo + Case Branca + Lanterna + Oxímetro + Termômetro + Simulador de Nó + KIT de Sutura + Rélogio;1536507385;1000x1000;1600x1600;https://www.lemedical.com.br/produtos/kit-littmann-classic-iii-5803-black-edition-esfigmo-case-lanterna-oximetro-termometro-simulador-de-no-kit-de-sutura-relogio-copia-14zcp/;https://acdn-us.mitiendanube.com/stores/001/322/555/products/03-white-3a9d4de72ceaffe83117804316491742.png
BAIXA;487;Conjunto Acâdemico - Estetoscópio 3M Littmann® Classic III 5621 Cinza + Case Premium para Estetoscópio LE Medical Cinza;1529394597;1000x1000;1600x1600;https://www.lemedical.com.br/produtos/conjunto-academico-estetoscopio-3m-littmann-classic-iii-5621-cinza-case-premium-para-estetoscopio-le-medical-cinza-1sa4i/;https://acdn-us.mitiendanube.com/stores/001/322/555/products/21-5f787ca85fb128d7e417794529008184.png
BAIXA;488;Conjunto Acâdemico - Estetoscópio 3M Littmann® Classic III 5630 Azul Celeste + Case Premium para Estetoscópio LE Medical Azul;1529389137;1000x1000;1600x1600;https://www.lemedical.com.br/produtos/conjunto-academico-estetoscopio-3m-littmann-classic-iii-5630-azul-celeste-case-premium-para-estetoscopio-le-medical-azul-yg0q2/;https://acdn-us.mitiendanube.com/stores/001/322/555/products/302-7f68b92d2c0ecc97ab17794519458297.png
BAIXA;489;Conjunto Acâdemico - Estetoscópio 3M Littmann® Classic III 5863 Azul Marinho Champanhe+ Case Premium para Estetoscópio LE Medical Preta;1529386976;1000x1000;1600x1600;https://www.lemedical.com.br/produtos/conjunto-academico-estetoscopio-3m-littmann-classic-iii-5863-azul-espelhado-case-premium-para-estetoscopio-le-medical-azul-78yet/;https://acdn-us.mitiendanube.com/stores/001/322/555/products/63-519903dd40aaa3b40717794516277828.png
BAIXA;490;Conjunto Acâdemico - Estetoscópio 3M Littmann® Classic III 5864 Vinho Champanhe+ Case Premium para Estetoscópio LE Medical Vinho;1529379829;1000x1000;1600x1600;https://www.lemedical.com.br/produtos/conjunto-academico-estetoscopio-3m-littmann-classic-iii-5864-vinho-espelhado-case-premium-para-estetoscopio-le-medical-vinho-1aac6/;https://acdn-us.mitiendanube.com/stores/001/322/555/products/64-24afb6703f7ec7dc7e17794505093676.png
BAIXA;491;KIT Relógio de Lapela LE Medical - Roxo + Garrote Elástico para Enfermagem P.A. MED - Roxo;1523061314;1000x1000;1600x1600;https://www.lemedical.com.br/produtos/kit-relogio-de-lapela-le-medical-roxo-garrote-elastico-para-enfermagem-p-a-med-roxo-19zf2/;https://acdn-us.mitiendanube.com/stores/001/322/555/products/rx-e069ed763e863f7e2c17786072764924.png
BAIXA;492;KIT Relógio de Lapela LE Medical - Rosa + Garrote Elástico para Enfermagem P.A. MED - Rosa;1523058630;1000x1000;1600x1600;https://www.lemedical.com.br/produtos/kit-relogio-de-lapela-le-medical-rosa-garrote-elastico-para-enfermagem-p-a-med-rosa-23ccv/;https://acdn-us.mitiendanube.com/stores/001/322/555/products/rs-8e3571c7e1b10d585c17786071286101.png
BAIXA;493;Relógio de Lapela Azul - LE Medical;1520960043;1000x1000;1600x1600;https://www.lemedical.com.br/produtos/relogio-de-lapela-azul-marinho-le-medical-1f1a9/;https://acdn-us.mitiendanube.com/stores/001/322/555/products/le-medical-7-172d7a628185ee616717785047349883.png
BAIXA;495;Conjunto Acadêmico – Estetoscópio BIC Eternity Rosa Pérola Rainbow + Esfigmo + Case + Lanterna + Oxímetro + Termômetro;1518729538;1000x1000;1600x1600;https://www.lemedical.com.br/produtos/conjunto-academico-estetoscopio-bic-eternity-rosa-perola-rainbow-esfigmo-case-lanterna-oximetro-termometro-1k8lb/;https://acdn-us.mitiendanube.com/stores/001/322/555/products/rosar-10910ec976e27cda4a17780102636704.png
BAIXA;496;Termômetro Digital Infravermelho de Testa G-Tech GO!;1491219535;1000x1000;1600x1600;https://www.lemedical.com.br/produtos/termometro-digital-infravermelho-de-testa-g-tech-go-gqe8q/;https://acdn-us.mitiendanube.com/stores/001/322/555/products/3-55c1b9c09866965fdc17749899657429.png
BAIXA;497;Cadeira de Rodas Aço Dobrável até 120 Kg D400 Dellamed;1392816960;1000x1000;1600x1600;https://www.lemedical.com.br/produtos/cadeira-de-rodas-aco-dobravel-ate-120-kg-d400-dellamed-3acmp/;https://acdn-us.mitiendanube.com/stores/001/322/555/products/1-1bf3d7cb2c9fe3580d17664102044999.png
BAIXA;498;Bomba Tira-leite Manual Livre de BPA com 3 Níveis de Uso - DELLAMED;1375464560;1000x1000;1600x1600;https://www.lemedical.com.br/produtos/bomba-tira-leite-manual-livre-de-bpa-com-3-niveis-de-uso-dellamed-z5nb0/;https://acdn-us.mitiendanube.com/stores/001/322/555/products/1-4196c191cb5e59962117642685116764.png
BAIXA;501;KIT Estetoscópio Rappaport P.A. MED Azul Black + Esfigmo + Case + Lanterna;1354403398;1000x1000;1600x1600;https://www.lemedical.com.br/produtos/kit-estetoscopio-rappaport-p-a-med-azul-black-esfigmo-case-lanterna/;https://acdn-us.mitiendanube.com/stores/001/322/555/products/az-e7ab3a41708bf0d76f17619385750421.png
BAIXA;502;KIT Estetoscópio Rappaport P.A. MED Cinza Black + Esfigmo + Case + Lanterna;1354399698;1000x1000;1600x1600;https://www.lemedical.com.br/produtos/kit-estetoscopio-rappaport-p-a-med-cinza-black-esfigmo-case-lanterna/;https://acdn-us.mitiendanube.com/stores/001/322/555/products/cz-b310a6dca24ee7d2a917619383329018.png
BAIXA;503;KIT Estetoscópio Rappaport P.A. MED Black Total + Esfigmo + Case + Lanterna;1354335313;1000x1000;1600x1600;https://www.lemedical.com.br/produtos/kit-estetoscopio-rappaport-p-a-med-black-total-esfigmo-case-lanterna/;https://acdn-us.mitiendanube.com/stores/001/322/555/products/prt-6fbecdc2074face13117619354045368.png
BAIXA;504;KIT Estetoscópio Bic Efficace Cinza + Esfigmo + Case + Lanterna;1347700315;1000x1000;1600x1600;https://www.lemedical.com.br/produtos/kit-estetoscopio-bic-efficace-cinza-esfigmo-case-lanterna/;https://acdn-us.mitiendanube.com/stores/001/322/555/products/ef-cinza-b267eb3b75bffcbcd817613208787596.png
BAIXA;505;KIT Estetoscópio Littmann 5835 Azul Turquesa + Esfigmo + Case + Lanterna + Oxímetro + Termômetro;1345396862;1000x1000;1600x1600;https://www.lemedical.com.br/produtos/kit-estetoscopio-littmann-5835-azul-turquesa-esfigmo-case-lanterna-oximetro-termometro/;https://acdn-us.mitiendanube.com/stores/001/322/555/products/5835-a0a9f3d6466a842fcc17611595485923.png
BAIXA;506;KIT Estetoscópio Littmann 5912C Azul Marine Cetim com Inox + Esfigmo + Case + Lanterna + Oxímetro + Termômetro;1345394204;1000x1000;1600x1600;https://www.lemedical.com.br/produtos/kit-estetoscopio-littmann-5912c-azul-marine-cetim-com-inox-esfigmo-case-lanterna-oximetro-termometro1/;https://acdn-us.mitiendanube.com/stores/001/322/555/products/5912c_azul-5b3ce6c487f2ecf11717611594146088.png
BAIXA;507;KIT Estetoscópio Littmann 5875 Tubo Verde Smoke e Conector Azul + Esfigmo + Case + Lanterna + Oxímetro + Termômetro;1345378079;1000x1000;1600x1600;https://www.lemedical.com.br/produtos/kit-estetoscopio-littmann-5875-tubo-verde-smoke-e-conector-azul-esfigmo-case-lanterna-oximetro-termometro/;https://acdn-us.mitiendanube.com/stores/001/322/555/products/5875-28000fbe01ea4c433017611586049451.png
BAIXA;508;Estetoscópio Rappaport Black Azul – P.A. MED;1267888383;1000x1000;1600x1600;https://www.lemedical.com.br/produtos/estetoscopio-rappaport-black-azul-p-a-med/;https://acdn-us.mitiendanube.com/stores/001/322/555/products/3-1c99d80bda75bff03617532295973988.png
BAIXA;511;Littmann Classic III 5875 Verde Limão + Case LE Medical Preta;893265886;1000x1000;1600x1600;https://www.lemedical.com.br/produtos/littmann-classic-iii-5875-verde-limao-case-le-medical-preta/;https://acdn-us.mitiendanube.com/stores/001/322/555/products/combo-littmann-case-43-91614bcefbb967ab2217890731182951.png
BAIXA;512;Littmann Classic III 5863 Azul Marinho Espelhado + Case LE Medical Preta;893265862;1000x1000;1600x1600;https://www.lemedical.com.br/produtos/littmann-classic-iii-5863-azul-marinho-espelhado-case-le-medical-preta/;https://acdn-us.mitiendanube.com/stores/001/322/555/products/combo-littmann-case-12-d2a10f18ed6a8b703f17883825288483.png
BAIXA;513;Littmann Classic III 5864 Vinho Espelhado + Case LE Medical Vinho;893265763;1000x1000;1600x1600;https://www.lemedical.com.br/produtos/littmann-classic-iii-5864-vinho-espelhado-case-le-medical-marrom/;https://acdn-us.mitiendanube.com/stores/001/322/555/products/combo-littmann-case-18-9ab58053ac8a9544bc17884470912266.png
BAIXA;514;Conjunto Acadêmico - Littmann Classic III Azul Turquesa 5835 + Esfigmo Pamed Azul;893255664;1000x1000;1600x1600;https://www.lemedical.com.br/produtos/conjunto-academico-littmann-classic-iii-azul-turquesa-5835-esfigmo-pamed-azul/;https://acdn-us.mitiendanube.com/stores/001/322/555/products/combo-littmann-case-37-b4070aa1031a376d7a17889817976189.png
BAIXA;515;Conjunto Acadêmico - Littmann Classic III 5875 Verde Limão Smoke + Esfigmo Pamed Preto;893255632;1000x1000;1600x1600;https://www.lemedical.com.br/produtos/conjunto-academico-littmann-classic-iii-verde-limao-smoke-5875-esfigmo-pamed-preto/;https://acdn-us.mitiendanube.com/stores/001/322/555/products/combo-littmann-case-45-05600ac6a88cfa877217890738491648.png
BAIXA;516;Conjunto Acadêmico – Littmann Classic III Verde Smoke 5875 + Esfigmo Pamed Preto + Lanterna Clínica Preta + Case Preta;893225800;1000x1000;1600x1600;https://www.lemedical.com.br/produtos/conjunto-academico-littmann-classic-iii-verde-smoke-5875-esfigmo-pamed-preto-lanterna-clinica-preta-case-preta/;https://acdn-us.mitiendanube.com/stores/001/322/555/products/5875-aa11fa0ae8113951a317893850511647.png
BAIXA;518;Oftalmoscópio Omni 3000 LED Azul com Estojo Macio MD;539050949;1000x1000;1600x1600;https://www.lemedical.com.br/produtos/oftalmoscopio-omni-3000-led-azul-com-estojo-macio-md/;https://acdn-us.mitiendanube.com/stores/001/322/555/products/design-sem-nome-87-6d980a4aaf73e6504517750669744680.png
BAIXA;519;Estetoscópio Littmann Classic III 5835 Azul Turquesa + Case Branca LE Medical;430345407;1000x1000;1600x1600;https://www.lemedical.com.br/produtos/estetoscopio-littmann-classic-iii-azul-turquesa-5835-case-branca-le-medical/;https://acdn-us.mitiendanube.com/stores/001/322/555/products/combo-littmann-case-36-efe82d2e21fb0b6c2c17889729339819.png
BAIXA;520;Combo 50 Unidades de Fio de Sutura para Treinamento Nylon Monofilamentar 3-0 – 75 cm;1608933803;1000x1000;1600x1600;https://www.lemedical.com.br/produtos/combo-50-unidades-de-fio-de-sutura-para-treinamento-nylon-monofilamentar-3-0-75-cm-copia-1vl5p/;https://acdn-us.mitiendanube.com/stores/001/322/555/products/10-unidades-3-3e1800bbd072748f3717907886440517.png
BAIXA;521;Combo 25 Unidades de Fio de Sutura para Treinamento Nylon Monofilamentar 3-0 – 75 cm;1608932147;1000x1000;1600x1600;https://www.lemedical.com.br/produtos/combo-25-unidades-de-fio-de-sutura-para-treinamento-nylon-monofilamentar-3-0-75-cm-e5m44/;https://acdn-us.mitiendanube.com/stores/001/322/555/products/10-unidades-2-7eee6be77def7c7f2e17907885194320.png
BAIXA;522;Combo 10 Unidades de Fio de Sutura para Treinamento Nylon Monofilamentar 3-0 – 75 cm;1608928098;1000x1000;1600x1600;https://www.lemedical.com.br/produtos/10-unidades-de-fio-de-sutura-para-treinamento-nylon-monofilamentar-3-0-75-cm-lr99b/;https://acdn-us.mitiendanube.com/stores/001/322/555/products/10-unidades-d4e8feeff202cb12e117907883947198.png
BAIXA;524;Fio de Sutura para Treinamento Nylon Monofilamentar 3-0 – 75 cm;1605177443;1000x1000;1600x1600;https://www.lemedical.com.br/produtos/fio-de-sutura-para-treinamento-nylon-monofilamentar-3-0-75-cm-1oles/;https://acdn-us.mitiendanube.com/stores/001/322/555/products/design-sem-nome-2026-09-24t170013-515-b198648ba8967d2bf917902802603567.png
BAIXA;525;Conjunto Acâdemico - Estetoscópio 3M Littmann® Classic III 5803 Black Edition+ Case Premium para Estetoscópio LE Medical Preta;1587426511;1000x1000;1600x1600;https://www.lemedical.com.br/produtos/iconjunto-academico-estetoscopio-3m-littmann-classic-ii-5803-black-edition-case-premium-para-estetoscopio-le-medical-preta-sc7ln/;https://acdn-us.mitiendanube.com/stores/001/322/555/products/design-sem-nome-2026-08-31t094008-861-7b8a46c069cf03ae4717881800542358.png
BAIXA;526;Bolsa para Água Quente 1L - Bioland;1555603819;1000x1000;1600x1600;https://www.lemedical.com.br/produtos/bolsa-para-agua-quente-1l-bioland-1x3wt/;https://acdn-us.mitiendanube.com/stores/001/322/555/products/design-sem-nome-2026-07-08t084518-402-68980972ce2305bae117835111254490.png
BAIXA;527;KIT Littmann® Classic III 5875 Verde Limão Smoke + Esfigmo + Case + Lanterna + Oxímetro + Termômetro + Simulador de Nó + KIT de Sutura + Rélogio;1536543111;1000x1000;1600x1600;https://www.lemedical.com.br/produtos/kit-littmann-classic-iii-5875-verde-smoke-com-conector-azul-esfigmo-case-lanterna-oximetro-termometro-simulador-de-no-kit-de-sutura-relogio-copia-1cbbi/;https://acdn-us.mitiendanube.com/stores/001/322/555/products/75-29d2f22993f4aa855d17804343481797.png
BAIXA;528;KIT Littmann® Classic III 5872 Azul Turquesa + Esfigmo + Case + Lanterna + Oxímetro + Termômetro + Simulador de Nó + KIT de Sutura + Rélogio;1536542009;1000x1000;1600x1600;https://www.lemedical.com.br/produtos/kit-littmann-classic-iii-5872-azul-turquesa-smoke-com-conector-rosa-esfigmo-case-lanterna-oximetro-termometro-simulador-de-no-kit-de-sutura-relogio-copia-15wla/;https://acdn-us.mitiendanube.com/stores/001/322/555/products/5872-1daf4caa28eacc704317804342075158.png
BAIXA;529;KIT Littmann® Classic III 5875 Azul Turquesa+ Esfigmo + Case + Lanterna + Oxímetro + Termômetro + Simulador de Nó + KIT de Sutura + Rélogio;1536540939;1000x1000;1600x1600;https://www.lemedical.com.br/produtos/kit-littmann-classic-iii-5835-azul-turquesa-esfigmo-case-lanterna-oximetro-termometro-simulador-de-no-kit-de-sutura-relogio-r81om/;https://acdn-us.mitiendanube.com/stores/001/322/555/products/5835-607817c665f52fad4f17804340859727.png
BAIXA;530;KIT Littmann® Classic III 5912C Azul Marine + Esfigmo + Case + Lanterna + Oxímetro + Termômetro + Simulador de Nó + KIT de Sutura + Rélogio;1536532441;1000x1000;1600x1600;https://www.lemedical.com.br/produtos/kit-littmann-classic-iii-5912c-azul-marine-esfigmo-case-lanterna-oximetro-termometro-simulador-de-no-kit-de-sutura-relogio-so605/;https://acdn-us.mitiendanube.com/stores/001/322/555/products/12c-95155dbbd42fb65b4417804332635365.png
BAIXA;531;KIT Littmann® Classic III 5807 Azul Caribe Rainbow + Esfigmo+ Case + Lanterna + Oxímetro + Termômetro + Simulador de Nó + KIT de Sutura + Rélogio;1536529197;1000x1000;1600x1600;https://www.lemedical.com.br/produtos/kit-littmann-classic-iii-5807-azul-caribe-rainbow-esfigmo-case-lanterna-oximetro-termometro-simulador-de-no-kit-de-sutura-relogio-copia-1hwc2/;https://acdn-us.mitiendanube.com/stores/001/322/555/products/07-0a35080b37710dd6ef17804330225638.png
BAIXA;532;KIT Littmann® Classic III 5623 Azul Caribe + Esfigmo + Case + Lanterna + Oxímetro + Termômetro + Simulador de Nó + KIT de Sutura + Rélogio;1536527750;1000x1000;1600x1600;https://www.lemedical.com.br/produtos/kit-littmann-classic-iii-5623-azul-caribe-esfigmo-case-lanterna-oximetro-termometro-simulador-de-no-kit-de-sutura-relogio-1e070/;https://acdn-us.mitiendanube.com/stores/001/322/555/products/23-30e85f909d1b2d083517804329455218.png
BAIXA;533;KIT Littmann® Classic III 5868 Vinho Black + Esfigmo + Case + Lanterna + Oxímetro + Termômetro + Simulador de Nó + KIT de Sutura + Rélogio;1536523158;1000x1000;1600x1600;https://www.lemedical.com.br/produtos/kit-littmann-classic-iii-5868-vinho-e-preto-esfigmo-case-lanterna-oximetro-termometro-simulador-de-no-kit-de-sutura-relogio-149fr/;https://acdn-us.mitiendanube.com/stores/001/322/555/products/68-a08ebd027bd5edf69017804325223586.png
BAIXA;534;KIT Littmann® Classic III 5910C Rosa Champagne + Esfigmo + Case + Lanterna + Oxímetro + Termômetro + Simulador de Nó + KIT de Sutura + Rélogio;1536515544;1000x1000;1600x1600;https://www.lemedical.com.br/produtos/kit-littmann-classic-iii-5910c-rosa-champagne-esfigmo-case-lanterna-oximetro-termometro-simulador-de-no-kit-de-sutura-relogio-1lncs/;https://acdn-us.mitiendanube.com/stores/001/322/555/products/10c-6326f44d8150d381bf17804321648076.png
BAIXA;535;Conjunto Acâdemico - Estetoscópio 3M Littmann® Classic III 5630 Azul Celeste + Case Premium para Estetoscópio LE Medical Branca;1529393116;1000x1000;1600x1600;https://www.lemedical.com.br/produtos/conjunto-academico-estetoscopio-3m-littmann-classic-iii-5630-azul-celeste-case-premium-para-estetoscopio-le-medical-branca-11n6q/;https://acdn-us.mitiendanube.com/stores/001/322/555/products/301-e1112a200f7c6f399417794526922526.png
BAIXA;536;Conjunto Acâdemico - Estetoscópio 3M Littmann® Classic III 5872 Azul Turquesa Smoke com Conector Rosa + Case Premium para Estetoscópio LE Medical Azul;1529388355;1000x1000;1600x1600;https://www.lemedical.com.br/produtos/conjunto-academico-estetoscopio-3m-littmann-classic-iii-5872-azul-turquesa-smoke-com-conector-rosa-case-premium-para-estetoscopio-le-medical-azul-1j0dt/;https://acdn-us.mitiendanube.com/stores/001/322/555/products/72-61bf3a785fd4503c2217794517903254.png
BAIXA;537;Conjunto Acâdemico - Estetoscópio 3M Littmann® Classic III 5912C Azul Marine + Case Premium para Estetoscópio LE Medical Azul;1529386038;1000x1000;1600x1600;https://www.lemedical.com.br/produtos/conjunto-academico-estetoscopio-3m-littmann-classic-iii-5912c-azul-marine-case-premium-para-estetoscopio-le-medical-azul-sni20/;https://acdn-us.mitiendanube.com/stores/001/322/555/products/12c2-838b153e94a22d38cc17794515619292.png
BAIXA;538;Conjunto Acâdemico - Estetoscópio 3M Littmann® Classic III 5623 Azul Caribe + Case Premium para Estetoscópio LE Medical Azul;1529384125;1000x1000;1600x1600;https://www.lemedical.com.br/produtos/conjunto-academico-estetoscopio-3m-littmann-classic-iii-5623-azul-caribe-case-premium-para-estetoscopio-le-medical-azul-19yc4/;https://acdn-us.mitiendanube.com/stores/001/322/555/products/23-432fe4ecb17a45539617794514254167.png
BAIXA;539;Conjunto Acâdemico - Estetoscópio 3M Littmann® Classic III 5868 Vinho e Preto + Case Premium para Estetoscópio LE Medical Vinho;1529380209;1000x1000;1600x1600;https://www.lemedical.com.br/produtos/conjunto-academico-estetoscopio-3m-littmann-classic-iii-5868-vinho-e-preto-case-premium-para-estetoscopio-le-medical-vinho-1xfhq/;https://acdn-us.mitiendanube.com/stores/001/322/555/products/68-c9369bb65170e66fa817794506387538.png
BAIXA;540;Conjunto Acâdemico - Estetoscópio 3M Littmann® Classic III 5811 Preto e Cinza + Case Premium para Estetoscópio LE Medical Preta;1529376394;1000x1000;1600x1600;https://www.lemedical.com.br/produtos/conjunto-academico-estetoscopio-3m-littmann-classic-iii-5811-preto-e-cinza-case-premium-para-estetoscopio-le-medical-preta-1oefy/;https://acdn-us.mitiendanube.com/stores/001/322/555/products/3-78fc03cc119b755f4c17794499978183.png
BAIXA;541;Martelos Neurológicos Buck MD - Vermelho;1527618705;1000x1000;1600x1600;https://www.lemedical.com.br/produtos/martelos-neurologicos-buck-md-vermelho-1jtbj/;https://acdn-us.mitiendanube.com/stores/001/322/555/products/martelos-neurologicos-buck-md-vermelho-f7fe35e5506f84673e17792797915609.png
BAIXA;542;KIT Relógio de Lapela LE Medical - Azul Claro + Garrote Elástico para Enfermagem P.A. MED - Preto;1523073719;1000x1000;1600x1600;https://www.lemedical.com.br/produtos/kit-relogio-de-lapela-le-medical-azul-claro-garrote-elastico-para-enfermagem-p-a-med-preto-1aq34/;https://acdn-us.mitiendanube.com/stores/001/322/555/products/azc-8d1931566a0a7e9c3417786081304021.png
BAIXA;543;KIT Relógio de Lapela LE Medical - Amarelo + Garrote Elástico para Enfermagem P.A. MED - Preto;1523067504;1000x1000;1600x1600;https://www.lemedical.com.br/produtos/kit-relogio-de-lapela-le-medical-amarelo-garrote-elastico-para-enfermagem-p-a-med-preto-1lb0c/;https://acdn-us.mitiendanube.com/stores/001/322/555/products/ama-6ffa99da2f201ef9a317786077007845.png
BAIXA;544;KIT Relógio de Lapela LE Medical - Laranja + Garrote Elástico para Enfermagem P.A. MED - Preto;1523064136;1000x1000;1600x1600;https://www.lemedical.com.br/produtos/kit-relogio-de-lapela-le-medical-laranja-garrote-elastico-para-enfermagem-p-a-med-preto-jjrr9/;https://acdn-us.mitiendanube.com/stores/001/322/555/products/lar-f0ef3a528abc490ae917786075125715.png
BAIXA;545;KIT Relógio de Lapela LE Medical - Azul + Garrote Elástico para Enfermagem P.A. MED - Azul;1523062775;1000x1000;1600x1600;https://www.lemedical.com.br/produtos/kit-relogio-de-lapela-le-medical-azul-garrote-elastico-para-enfermagem-p-a-med-azul-olobz/;https://acdn-us.mitiendanube.com/stores/001/322/555/products/az-65c76c60cf5f39810f17786074362267.png
BAIXA;546;KIT Relógio de Lapela LE Medical - Verde + Garrote Elástico para Enfermagem P.A. MED - Verde;1523057795;1000x1000;1600x1600;https://www.lemedical.com.br/produtos/kit-relogio-de-lapela-le-medical-verde-garrote-elastico-para-enfermagem-p-a-med-verde-oa18x/;https://acdn-us.mitiendanube.com/stores/001/322/555/products/verde-0486957dbd724005b917786070701059.png
BAIXA;547;KIT Relógio de Lapela LE Medical - Vermelho + Garrote Elástico para Enfermagem P.A. MED - Vermelho;1523056741;1000x1000;1600x1600;https://www.lemedical.com.br/produtos/kit-relogio-de-lapela-le-medical-vermelho-garrote-elastico-para-enfermagem-p-a-med-vermelho-mi9i8/;https://acdn-us.mitiendanube.com/stores/001/322/555/products/ver-d89fdab9b48fd5a8f917786069553774.png
BAIXA;548;KIT Relógio de Lapela LE Medical - Branco + Garrote Elástico para Enfermagem P.A. MED - Preto;1523053804;1000x1000;1600x1600;https://www.lemedical.com.br/produtos/kit-relogio-de-lapela-le-medical-branco-garrote-elastico-para-enfermagem-p-a-med-preto-s2grb/;https://acdn-us.mitiendanube.com/stores/001/322/555/products/bra-d4e0dae611e54d8d4117786068464096.png
BAIXA;550;Relógio de Lapela Azul Claro - LE Medical;1520961606;1000x1000;1600x1600;https://www.lemedical.com.br/produtos/relogio-de-lapela-azul-claro-le-medical-1req0/;https://acdn-us.mitiendanube.com/stores/001/322/555/products/le-medical-13-ab809a9ab5337b654217785166833623.png
BAIXA;551;Relógio de Lapela Laranja - LE Medical;1520942487;1000x1000;1600x1600;https://www.lemedical.com.br/produtos/relogio-de-lapela-laranja-le-medical-1hsu5/;https://acdn-us.mitiendanube.com/stores/001/322/555/products/le-medical-14-41e5aedbdffc6b79a517785167332752.png
BAIXA;552;Conjunto Acadêmico – Estetoscópio BIC Eternity Cinza Black + Esfigmo + Case + Lanterna + Oxímetro + Termômetro;1518749983;1000x1000;1600x1600;https://www.lemedical.com.br/produtos/conjunto-academico-estetoscopio-bic-eternity-cinza-black-esfigmo-case-lanterna-oximetro-termometro-kzqv8/;https://acdn-us.mitiendanube.com/stores/001/322/555/products/cinza-black-7482c3176e9396b3ad17780116749749.png
BAIXA;553;Conjunto Acadêmico – Estetoscópio BIC Eternity Azul Marinho Black + Esfigmo + Case + Lanterna + Oxímetro + Termômetro;1518748412;1000x1000;1600x1600;https://www.lemedical.com.br/produtos/conjunto-academico-estetoscopio-bic-eternity-azul-marinho-black-esfigmo-case-lanterna-oximetro-termometro-1rpml/;https://acdn-us.mitiendanube.com/stores/001/322/555/products/azulmarinho-3fe7514025549f0f1a17780115559330.png
BAIXA;554;Conjunto Acadêmico – Estetoscópio BIC Eternity Black Gold Rainbow + Esfigmo + Case + Lanterna + Oxímetro + Termômetro;1518744900;1000x1000;1600x1600;https://www.lemedical.com.br/produtos/conjunto-academico-estetoscopio-bic-eternity-black-rainbow-esfigmo-case-lanterna-oximetro-termometro-18ih4/;https://acdn-us.mitiendanube.com/stores/001/322/555/products/blkrgold-1-3f4c55ab1fccdd28aa17780113983034.png
BAIXA;555;Conjunto Acadêmico – Estetoscópio BIC Eternity Branco Gold + Esfigmo + Case + Lanterna + Oxímetro + Termômetro;1518741657;1000x1000;1600x1600;https://www.lemedical.com.br/produtos/conjunto-academico-estetoscopio-bic-eternity-branco-gold-esfigmo-case-lanterna-oximetro-termometro-1f52v/;https://acdn-us.mitiendanube.com/stores/001/322/555/products/branco-rainbow-fba949c98240b31bc017780110175397.png
BAIXA;556;Conjunto Acadêmico – Estetoscópio BIC Eternity Cinza Grafite + Esfigmo + Case + Lanterna + Oxímetro + Termômetro;1518739055;1000x1000;1600x1600;https://www.lemedical.com.br/produtos/conjunto-academico-estetoscopio-bic-eternity-cinza-grafite-esfigmo-case-lanterna-oximetro-termometro-copia-copia-copia-ckr6f/;https://acdn-us.mitiendanube.com/stores/001/322/555/products/cinza-grafite-9203af729a1cd7172b17780109039507.png
BAIXA;559;Cadeira de Rodas Motorizada Super Leve Até 120 kg D750 Light Dellamed;1392814233;1000x1000;1600x1600;https://www.lemedical.com.br/produtos/cadeira-de-rodas-motorizada-super-leve-ate-120-kg-d750-light-dellamed-nlwzd/;https://acdn-us.mitiendanube.com/stores/001/322/555/products/3-053fbc2e1b30154cb017664097341634.png
BAIXA;560;Cadeira de Banho Higiênica Dobrável até 100 Kg D30 - DELLAMED;1375602829;1000x1000;1600x1600;https://www.lemedical.com.br/produtos/cadeira-de-banho-higienica-dobravel-ate-100-kg-d30-dellamed-oahlz/;https://acdn-us.mitiendanube.com/stores/001/322/555/products/1-e13f2361788a601a9317642718484368.png
BAIXA;561;Estetoscópio Rappaport Premium Dellamed - PRETO;1375426622;1000x1000;1600x1600;https://www.lemedical.com.br/produtos/estetoscopio-rappaport-premium-dellamed-preto-1a2tq/;https://acdn-us.mitiendanube.com/stores/001/322/555/products/1-e47e3aa8fab1cde77417642672034649.png
BAIXA;565;KIT Estetoscópio Rappaport P.A. MED Black Rainbow + Esfigmo + Case + Lanterna;1354401314;1000x1000;1600x1600;https://www.lemedical.com.br/produtos/kit-estetoscopio-rappaport-p-a-med-black-rainbow-esfigmo-case-lanterna/;https://acdn-us.mitiendanube.com/stores/001/322/555/products/br-7c0449611dec8199a017619384563117.png
BAIXA;566;KIT Estetoscópio Bic Efficace Rosa + Esfigmo + Case + Lanterna;1347703504;1000x1000;1600x1600;https://www.lemedical.com.br/produtos/kit-estetoscopio-bic-efficace-rosa-esfigmo-case-lanterna/;https://acdn-us.mitiendanube.com/stores/001/322/555/products/ef-rosa-4a8c2084bd6ea4b94e17613209932286.png
BAIXA;567;KIT Estetoscópio Bic Efficace Azul + Esfigmo + Case + Lanterna;1347698163;1000x1000;1600x1600;https://www.lemedical.com.br/produtos/kit-estetoscopio-bic-efficace-azul-esfigmo-case-lanterna/;https://acdn-us.mitiendanube.com/stores/001/322/555/products/ef-azul-b179bc15481e97dcb817613272408919.png
BAIXA;568;KIT Estetoscópio Littmann 5872 Tubo Azul Turquesa Smoke e Conector Rosa + Esfigmo + Case + Lanterna + Oxímetro + Termômetro;1345374286;1000x1000;1600x1600;https://www.lemedical.com.br/produtos/kit-estetoscopio-littmann-5872-tubo-azul-turquesa-smoke-e-conector-rosa-esfigmo-case-lanterna-oximetro-termometro/;https://acdn-us.mitiendanube.com/stores/001/322/555/products/5872-ae7231f29dc12c538f17611584281691.png
BAIXA;569;Estetoscópio Rappaport Black Preto Rainbow– P.A. MED;1267890745;1000x1000;1600x1600;https://www.lemedical.com.br/produtos/estetoscopio-rappaport-black-preto-rainbow-p-a-med/;https://acdn-us.mitiendanube.com/stores/001/322/555/products/1-4879046aac39f6918117532297616283.png
BAIXA;570;Littmann Classic III 5872 Azul Turquesa Smoke + Case LE Medical Azul;893265957;1000x1000;1600x1600;https://www.lemedical.com.br/produtos/littmann-classic-iii-5872-azul-turquesa-smoke-case-le-medical-azul/;https://acdn-us.mitiendanube.com/stores/001/322/555/products/combo-littmann-case-39-5765859407aab2c88817889851200497.png
BAIXA;571;Littmann Classic III 5872 Azul Turquesa Smoke + Case LE Medical Preta;893265875;1000x1000;1600x1600;https://www.lemedical.com.br/produtos/littmann-classic-iii-5872-azul-turquesa-smoke-case-le-medical-preta/;https://acdn-us.mitiendanube.com/stores/001/322/555/products/combo-littmann-case-38-ce3d8ba97d58f7802117889847958396.png
BAIXA;572;Conjunto Acadêmico - Littmann Classic III 5875 Verde Limão Smoke+ Esfigmo Pamed Verde;893255646;1000x1000;1600x1600;https://www.lemedical.com.br/produtos/conjunto-academico-littmann-classic-iii-verde-limao-smoke-5875-esfigmo-pamed-verde/;https://acdn-us.mitiendanube.com/stores/001/322/555/products/combo-littmann-case-46-b43db0cb387575e85617891251751200.png
BAIXA;573;Conjunto Acadêmico - Littmann Classic III Azul Turquesa Smoke 5872 + Esfigmo Pamed Preto;893255599;1000x1000;1600x1600;https://www.lemedical.com.br/produtos/conjunto-academico-littmann-classic-iii-azul-turquesa-smoke-5872-esfigmo-pamed-preto/;https://acdn-us.mitiendanube.com/stores/001/322/555/products/combo-littmann-case-42-7962e66978ec45786317890723569679.png
BAIXA;574;Conjunto Acadêmico – Littmann Classic III Azul Turquesa 5835 + Esfigmo Pamed Azul + Lanterna Clínica Azul + Case Azul;893225867;1000x1000;1600x1600;https://www.lemedical.com.br/produtos/conjunto-academico-littmann-classic-iii-azul-turquesa-5835-esfigmo-pamed-azul-lanterna-clinica-azul-case-azul/;https://acdn-us.mitiendanube.com/stores/001/322/555/products/5835-4e5c2f1d86d4d2c62017889834020027.png
BAIXA;575;Estetoscópio Spirit® Pro-Lite Adulto Rosa Transparente;538925326;1000x1000;1600x1600;https://www.lemedical.com.br/produtos/estetoscopio-spirit-pro-lite-adulto-rosa-transparente/;https://acdn-us.mitiendanube.com/stores/001/322/555/products/design-sem-nome-2026-09-15t172301-184-bf84e62795b90cfd2017895037869256.png
BAIXA;576;Kit Estetoscópio Littmann Classic III Vinho 5627 + Esfigmomanômetro Pamed Preto;421397461;1000x1000;1600x1600;https://www.lemedical.com.br/produtos/kit-estetoscopio-littmann-classic-iii-vinho-5627-esfigmomanometro-pamed-preto/;https://acdn-us.mitiendanube.com/stores/001/322/555/products/combo-littmann-case-26-d842dd6aa7c5ad63b617888850509453.png
BAIXA;577;Aparelho de Pressão Durashock DS44-BR Welch Allyn - Adulto;414955569;1000x1000;1600x1600;https://www.lemedical.com.br/produtos/aparelho-de-pressao-durashock-ds44-br-welch-allyn-adulto/;https://acdn-us.mitiendanube.com/stores/001/322/555/products/1-14d76805da287e149617549455570607.png
BAIXA;579;KIT SUTURA - LE MEDICAL - LILÁS;1325733770;1000x1000;1600x1600;https://www.lemedical.com.br/produtos/kit-sutura-le-medical-lilas/;https://acdn-us.mitiendanube.com/stores/001/322/555/products/1-228ac11b1141990c5b17591535542693.png
BAIXA;580;Lanterna LED LT200 Vermelha Bioland;584355288;1000x1000;1600x1600;https://www.lemedical.com.br/produtos/lanterna-led-lt200-vermelha-bioland/;https://acdn-us.mitiendanube.com/stores/001/322/555/products/vermelha-1349726bc85ac425a717611565568063.png
BAIXA;581;Estetoscópio Littmann Classic III Framboesa Bronze 5647 - Edição Especial;1114275723;1000x1000;1600x1600;https://www.lemedical.com.br/produtos/estetoscopio-littmann-classic-iii-framboesa-bronze-5647-edicao-especial/;https://acdn-us.mitiendanube.com/stores/001/322/555/products/framboesa-edicao-limitada-2-f163e7883ec220529817606170905852.png
BAIXA;582;Estetoscópio Littmann Classic III Preto Bronze 5646 - Edição Especial;1114275991;500x500;1600x1600;https://www.lemedical.com.br/produtos/estetoscopio-littmann-classic-iii-preto-bronze-5646-edicao-especial1/;https://acdn-us.mitiendanube.com/stores/001/322/555/products/design-sem-nome-6-9ef8895320d54b821417379712630064.png
BAIXA;588;Estetoscópio 3M™ Littmann® Cardiology IV™ Black Rainbow - 6165;334073514;1000x1000;1600x1600;https://www.lemedical.com.br/produtos/estetoscopio-3m-littmann-cardiology-iv-black-rainbow-6165/;https://acdn-us.mitiendanube.com/stores/001/322/555/products/6240-preto-rainbow-2-5811371fcac34539d117811037044045.png
BAIXA;590;Oftalmoscópio Omni 3000 LED Cinza com Estojo Macio MD;539052911;1000x1000;1600x1600;https://www.lemedical.com.br/produtos/oftalmoscopio-omni-3000-led-cinza-com-estojo-macio-md/;https://acdn-us.mitiendanube.com/stores/001/322/555/products/design-sem-nome-85-9084eb3bdb212bfe1917750667461957.png
BAIXA;592;Estetoscópio Spirit III Pro Preto;539107018;1000x1000;1600x1600;https://www.lemedical.com.br/produtos/estetoscopio-spirit-iii-pro-preto/;https://acdn-us.mitiendanube.com/stores/001/322/555/products/design-sem-nome-37-24e33f4c1e610d71d317436925501902.png
BAIXA;593;Kit Sutura Completo Lilás + Simulador de Nó - Le Medical;1492575559;1000x1000;1600x1600;https://www.lemedical.com.br/produtos/kit-sutura-completo-lilas-simulado-de-no-le-medical-17eny/;https://acdn-us.mitiendanube.com/stores/001/322/555/products/design-sem-nome-73-379715a7b4fd2cac0117751353158062.png
BAIXA;594;ESTETOSCÓPIO RAPPAPORT PREMIUM CINZA;934323767;1024x1024;1600x1600;https://www.lemedical.com.br/produtos/estetoscopio-rappaport-premium-cinza/;https://acdn-us.mitiendanube.com/stores/001/322/555/products/1-2890e6723094d8d70d17161704866148-1024-1024-613eb18291e26b9fc617896450416162.webp
BAIXA;598;"Esfigmomanômetro e Estetoscópio BIC Adulto Preto
O Estetoscópio da BIC é um aparelho utilizado para amplificar sons corporais, como os sons cardíacos e os sons do pulmão. 
Contém:
01 Estetoscópio Bic.
01 Aparelho de Pressão Adulto de Nylon Fecho de Contato Bic.
01 Bolsa para acondicionamento - bolsa exclusiva em couro sintético na cor azul.
01 Manual de instruções.
01 Par de olivas reserva
01 Membrana reserva.

Diferenças e Beneficios:
-Alta precisão e sensibilidade;
-Nova válvula para perfeita retenção de ar durante a medição;
-Diagnóstico seguro e confiável;
-Manguito e pera em PVC antialérgico e de alta durabilidade;
-Com braçadeira de NYLON antialérgico e tratamento impermeável;
-Fecho de Contato;
-Testado rigorosamente pelo Controle de Qualidade BIC;
-Certificado pela ANVISA - Registro MS 80540449001;
-Aferido pelo Inmetro e 100% com selo de verificação inicial;
-Acompanha uma linda bolsa exclusiva.

Composição:
Braçadeira: Confeccionada em material antialérgico em tecido nylon com fecho de contato;
Manguito: Bolsa com tubos interligados entre manômetro, válvula e pêra, confeccionada em PVC antialérgico, isento de látex;
Pêra: Confeccionada em PVC antialérgico, isento de látex de alta resistência, usada para inflar o manguito;
Válvula: Fabricada em latão cromado, usada para comandar a entrada e saída do ar;
Manômetro: Instrumento usado para aferir a pressão arterial.

Especificações Técnicas:
Tamanho: Adulto;
Dimensões:
Comprimento: 52cm;
Largura: 14cm;
Circunferência: 18 a 36 cm.
Fabricante: BIC;
Registro MS: 80540449001;
Garantia: 3 anos contra defeitos de fabricação.
Registro no Ministério da Saúde: 80001930003.
Garantia: 3 anos contra defeitos de fabricação.";550365600;704x580;1600x1600;https://www.lemedical.com.br/produtos/esfigmomanometro-e-estetoscopio-bic-adulto-preto/;https://acdn-us.mitiendanube.com/stores/001/322/555/products/whatsapp-image-2022-11-09-at-17-41-091-0c6a82e429a3807ccd16683780155304.jpeg
BAIXA;599;Otoscópio Welch Allyn Pocket Plus Led - Branco;414942853;1024x1024;1600x1600;https://www.lemedical.com.br/produtos/otoscopio-welch-allyn-pocket-plus-led-branco/;https://acdn-us.mitiendanube.com/stores/001/322/555/products/131-4f00bdd8dc79aef45416417435595547-1024-1024.webp
BAIXA;600;Otoscópio Welch Allyn Pocket Plus Led - Preto;414942147;1024x1024;1600x1600;https://www.lemedical.com.br/produtos/otoscopio-welch-allyn-pocket-plus-led-preto/;https://acdn-us.mitiendanube.com/stores/001/322/555/products/121-c2d0701a12eb0b01f316417433218607-1024-1024.webp
BAIXA;601;APARELHO DE PRESSÃO BIC ADULTO NYLON CINZA;645068652;607x602;1600x1600;https://www.lemedical.com.br/produtos/aparelho-de-pressao-bic-adulto-nylon-cinza/;https://acdn-us.mitiendanube.com/stores/001/322/555/products/cinza-preto1-d2726817f1b2ed3c3216848465498868.png
BAIXA;602;Otoscópio OMNI LED MD - Vermelho;539072127;474x474;1600x1600;https://www.lemedical.com.br/produtos/otoscopio-omni-led-md-vermelho/;https://acdn-us.mitiendanube.com/stores/001/322/555/products/oip-13-625329d1555573a80517750701544578.webp
BAIXA;603;Oftalmoscópio Omni 3000 LED Roxo com Estojo Macio MD;539040084;1000x1000;1600x1600;https://www.lemedical.com.br/produtos/oftalmoscopio-omni-3000-led-roxo-com-estojo-macio-md/;https://acdn-us.mitiendanube.com/stores/001/322/555/products/design-sem-nome-91-adb6fa5dcdae595f1717750671379304.png
BAIXA;604;Lentes de Contato Soflens 59 + 01 Renu (grátis) + 01 Estojo de Lentes (grátis);1255735484;1000x1000;1600x1600;https://www.lemedical.com.br/produtos/lentes-de-contato-soflens-59-01-renu-gratis-01-estojo-de-lentes-gratis/;https://acdn-us.mitiendanube.com/stores/001/322/555/products/design-sem-nome-58-0b699340bf1e43aa1917528454879116.png
BAIXA;605;Estetoscópio Rappaport Premium Dellamed -VERDE;1375389280;1000x1000;1600x1600;https://www.lemedical.com.br/produtos/estetoscopio-rappaport-premium-dellamed-verde-cnnj4/;https://acdn-us.mitiendanube.com/stores/001/322/555/products/dellamed-estetoscopio-rappaport-verde-5e2a76c193d82baad917642660885541.png
BAIXA;609;Lancetador com 5 Regulagens LA100 - BIOLAND;566413936;550x550;1600x1600;https://www.lemedical.com.br/produtos/lancetador-com-5-regulagens-la100-bioland/;https://acdn-us.mitiendanube.com/stores/001/322/555/products/11-bd3eeb071fc8281d1516711875943276.png
BAIXA;610;Esfigmomanômetro Verde Pamed;548207391;1000x1000;1600x1600;https://www.lemedical.com.br/produtos/esfigmomanometro-verde-pamed/;https://acdn-us.mitiendanube.com/stores/001/322/555/products/1-b835d0cfe3f83a934a17597841579554.png
BAIXA;615;Renu Plus Gotas Lubrificante e Umidificante 60ML - Bausch & Lomb;1263385586;1000x1000;1600x1600;https://www.lemedical.com.br/produtos/renu-plus-gotas-lubrificante-e-umidificante-60ml-bausch-lomb/;https://acdn-us.mitiendanube.com/stores/001/322/555/products/design-sem-nome-56-fe6fa81571fcf45a6e17528447935591.png
BAIXA;617;Oftalmoscópio Pocket Plus Led Welch Allyn 12880 - Branco;712456070;500x500;1600x1600;https://www.lemedical.com.br/produtos/oftalmoscopio-pocket-plus-led-welch-allyn-12880-branco/;https://acdn-us.mitiendanube.com/stores/001/322/555/products/branc1-24733ec4f94ed716b116946302905371.png
BAIXA;619;Otoscópio OMNI LED MD - Azul;489130897;954x854;1600x1600;https://www.lemedical.com.br/produtos/otoscopio-omni-led-md-azul/;https://acdn-us.mitiendanube.com/stores/001/322/555/products/otoscopio_led_omni_3000_azul_c_estojo_macio_md_387_5_20201124081858-7eb1f400956022238d17750700153447.webp
BAIXA;620;KIT 02 pares de Lentes de Contato Soflens 59 + 01 Renu + 01 Estojo de Lentes;1255714259;1000x1000;1600x1600;https://www.lemedical.com.br/produtos/kit-02-pares-de-lentes-de-contato-soflens-59-01-renu-01-estojo-de-lentes/;https://acdn-us.mitiendanube.com/stores/001/322/555/products/1-c8aad967e75e96e17d17528343881496.png
BAIXA;622;Oftalmoscópio Pocket Plus Led Welch Allyn 12880 - Violeta;712457535;500x500;1600x1600;https://www.lemedical.com.br/produtos/oftalmoscopio-pocket-plus-led-welch-allyn-12880-violeta/;https://acdn-us.mitiendanube.com/stores/001/322/555/products/lilas1-44c5605caf19c107cc16946303659475.png
BAIXA;623;Oftalmoscópio Pocket Plus Led Welch Allyn 12880 - Preto;712453595;500x500;1600x1600;https://www.lemedical.com.br/produtos/oftalmoscopio-pocket-plus-led-welch-allyn-12880-preto/;https://acdn-us.mitiendanube.com/stores/001/322/555/products/prt1-4dcb5707ac17e6d34916946301331861.png
BAIXA;624;Otoscópio OMNI LED MD - Verde;539073438;954x854;1600x1600;https://www.lemedical.com.br/produtos/otoscopio-omni-led-md-verde/;https://acdn-us.mitiendanube.com/stores/001/322/555/products/otoscopio_led_omni_3000_verde_c_estojo_macio_md_388_5_20201124081858-7ca30154dab8d2793f17750701763081.webp
BAIXA;625;Oftalmoscópio Omni 3000 LED Vermelho com Estojo Macio MD;539053924;1000x1000;1600x1600;https://www.lemedical.com.br/produtos/oftalmoscopio-omni-3000-led-vermelho-com-estojo-macio-md/;https://acdn-us.mitiendanube.com/stores/001/322/555/products/oftalmoscopio-omni-01-vermelho1-ed44a79cd3f5b7a36616663773073931.jpg
BAIXA;626;Oftalmoscópio Omni 3000 LED Verde com Estojo Macio MD;539051827;1000x1000;1600x1600;https://www.lemedical.com.br/produtos/oftalmoscopio-omni-3000-led-verde-com-estojo-macio-md/;https://acdn-us.mitiendanube.com/stores/001/322/555/products/design-sem-nome-92-09321a2213a78b281e17750676656910.png
BAIXA;629;Oftalmoscópio Pocket Plus Led Welch Allyn 12880 - Azul;712460994;500x500;1600x1600;https://www.lemedical.com.br/produtos/oftalmoscopio-pocket-plus-led-welch-allyn-12880-azul/;https://acdn-us.mitiendanube.com/stores/001/322/555/products/az1-9ebf696b93ec799bfa16946305920674.png
BAIXA;630;Esfigmomanômetro Vermelho Pamed;548208625;1000x1000;1600x1600;https://www.lemedical.com.br/produtos/esfigmomanometro-vermelho-pamed/;https://acdn-us.mitiendanube.com/stores/001/322/555/products/1-5318a5a9fec1ebad8717598462696863.png
BAIXA;633;Estetoscópio Rappaport Premium Dellamed - AZUL;1375422286;1000x1000;1600x1600;https://www.lemedical.com.br/produtos/estetoscopio-rappaport-premium-dellamed-azul-t220j/;https://acdn-us.mitiendanube.com/stores/001/322/555/products/1-11af85aab79e3464f217642670173239.png
BAIXA;634;Estetoscópio Rappaport Premium Dellamed - VINHO;1375413014;1000x1000;1600x1600;https://www.lemedical.com.br/produtos/estetoscopio-rappaport-premium-dellamed-vinho-ds5kw/;https://acdn-us.mitiendanube.com/stores/001/322/555/products/1-0e554af07a00e77a9c17642666010489.png
BAIXA;635;Estetoscópio Rappaport Premium Dellamed - ROXO;1375409065;1000x1000;1600x1600;https://www.lemedical.com.br/produtos/estetoscopio-rappaport-premium-dellamed-roxo-ko2b2/;https://acdn-us.mitiendanube.com/stores/001/322/555/products/1-09ee15d8ba52b906a017642663972618.png
BAIXA;636;Estetoscópio Rappaport Premium Dellamed - ROSA;1375397847;1000x1000;1600x1600;https://www.lemedical.com.br/produtos/estetoscopio-rappaport-premium-dellamed-rosa-4h16o/;https://acdn-us.mitiendanube.com/stores/001/322/555/products/1-e59db56f96f5c1b07717642658565399.png
BAIXA;637;Estetoscópio Rappaport Roxo – P.A. MED;1267906882;1000x1000;1600x1600;https://www.lemedical.com.br/produtos/estetoscopio-rappaport-roxo-p-a-med/;https://acdn-us.mitiendanube.com/stores/001/322/555/products/7-0d0b4d366ff3faf07f17532308597068.png
BAIXA;638;Estetoscópio Rappaport Vermelho – P.A. MED;1267905819;1000x1000;1600x1600;https://www.lemedical.com.br/produtos/estetoscopio-rappaport-vermelho-p-a-med/;https://acdn-us.mitiendanube.com/stores/001/322/555/products/6-dbdaa6cbdfb53e6a6517532307919231.png
BAIXA;639;Estetoscópio Rappaport Verde – P.A. MED;1267904736;1000x1000;1600x1600;https://www.lemedical.com.br/produtos/estetoscopio-rappaport-verde-p-a-med/;https://acdn-us.mitiendanube.com/stores/001/322/555/products/4-42af43f2573827f10d17532307201003.png
BAIXA;640;Estetoscópio Rappaport Rosa – P.A. MED;1267903510;1000x1000;1600x1600;https://www.lemedical.com.br/produtos/estetoscopio-rappaport-rosa-p-a-med/;https://acdn-us.mitiendanube.com/stores/001/322/555/products/5-cd37420b0ce48e17cf17532306247993.png
BAIXA;641;Estetoscópio Rappaport Azul – P.A. MED;1267902403;1000x1000;1600x1600;https://www.lemedical.com.br/produtos/estetoscopio-rappaport-azul-p-a-med/;https://acdn-us.mitiendanube.com/stores/001/322/555/products/3-9018f483cde92655ca17532305628709.png
BAIXA;642;Estetoscópio Rappaport Bordo – P.A. MED;1267901382;1000x1000;1600x1600;https://www.lemedical.com.br/produtos/estetoscopio-rappaport-bordo-p-a-med/;https://acdn-us.mitiendanube.com/stores/001/322/555/products/2-053e046e5e8c93fbf917532305083108.png
BAIXA;643;Estetoscópio Rappaport Preto – P.A. MED;1267898832;1000x1000;1600x1600;https://www.lemedical.com.br/produtos/estetoscopio-rappaport-preto-p-a-med/;https://acdn-us.mitiendanube.com/stores/001/322/555/products/1-a8b7963ed72110c39117532304102516.png
BAIXA;644;Bandagem Elástica Adesiva Funcional 5 x 5 cm - Laranja;1020539188;550x550;1600x1600;https://www.lemedical.com.br/produtos/bandagem-elastica-adesiva-funcional-5-x-5-cm-laranja/;https://acdn-us.mitiendanube.com/stores/001/322/555/products/bandagem-elastica-adesiva-funcional-5m-x-5cm-laranja-tmx-22081e-1-8fbb73f7dd1747215917267037067494.jpg
BAIXA;645;Bandagem Elástica Adesiva Funcional 5 x 5 cm - Amarelo;1020538944;550x550;1600x1600;https://www.lemedical.com.br/produtos/bandagem-elastica-adesiva-funcional-5-x-5-cm-amarelo/;https://acdn-us.mitiendanube.com/stores/001/322/555/products/bandagem-elastica-adesiva-funcional-5m-x-5cm-amarelo-tmx-22081f-e527294f37f6cd749717267036783069.jpg
BAIXA;648;Aparelho de Pressão Adulto Obeso Velcro Premium - Azul;944138069;1000x1000;1600x1600;https://www.lemedical.com.br/produtos/aparelho-de-pressao-adulto-obeso-velcro-premium-azul/;https://acdn-us.mitiendanube.com/stores/001/322/555/products/esfigmomanometro_obeso_premium_3911759_1_20200403100227-539c33fb065b96974417175548714304.webp
BAIXA;650;Otoscópio OMNI LED MD - Cinza;539064269;954x854;1600x1600;https://www.lemedical.com.br/produtos/otoscopio-omni-led-md-cinza/;https://acdn-us.mitiendanube.com/stores/001/322/555/products/otoscopio_led_omni_3000_cinza_c_estojo_macio_md_389_5_20201124081858-5472047f955d61d93917750701333367.webp
BAIXA;651;Estetoscópio Spirit® Pro-Lite Adulto Verde Transparente;538926672;1000x1000;1600x1600;https://www.lemedical.com.br/produtos/estetoscopio-spirit-pro-lite-adulto-verde-transparente/;https://acdn-us.mitiendanube.com/stores/001/322/555/products/estetoscopio-spirit-md-pro-lite-adulto-verde-transparente-1-i026371-887c853eb17776c04c16663645239512.jpg
BAIXA;652;Estetoscópio Spirit® Pro-Lite Adulto Rosa Transparente com Champagne;538926127;1000x1000;1600x1600;https://www.lemedical.com.br/produtos/estetoscopio-spirit-pro-lite-adulto-rosa-transparente-com-champagne/;https://acdn-us.mitiendanube.com/stores/001/322/555/products/882f0127b37464dac5dbd8156f0b8f311-061fa633bb30a170c216663644021128.jpg
BAIXA;653;Estetoscópio Spirit® Pro-Lite Adulto Azul Royal Transparente;538923298;800x800;1600x1600;https://www.lemedical.com.br/produtos/estetoscopio-spirit-pro-lite-adulto-azul-royal-transparente/;https://acdn-us.mitiendanube.com/stores/001/322/555/products/estetoscopio-pro-lite-adulto-azul-royal-transparente-spirit-spi15609a-0011-f87802c1440cb1c18e16663640843513.png
BAIXA;658;Estetoscópio 3M™ Littmann® Cardiology IV™ 6177 - Preto Espelhado;334079397;500x500;1600x1600;https://www.lemedical.com.br/produtos/estetoscopio-3m-littmann-cardiology-iv-preto-espelhado-6177/;https://acdn-us.mitiendanube.com/stores/001/322/555/products/6177-6afcc39bab80f77e2c17133863010269.png
BAIXA;659;Estetoscópio 3M™ Littmann® Cardiology IV™ 6154 - Azul Marinho;333476196;500x500;1600x1600;https://www.lemedical.com.br/produtos/estetoscopio-3m-littmann-cardiology-iv-azul-marinho-6154/;https://acdn-us.mitiendanube.com/stores/001/322/555/products/6154-157fa773b59ac78c4017133863202882.png
BAIXA;fora da vitrine;Kit: Estetoscópio Littmann Classic III™ Black Edition 5803 + Case Preta LE Medical;430361672;1000x1000;1600x1600;https://www.lemedical.com.br/produtos/estetoscopio-littmann-classic-iii-black-edition-5803-case-preta-le-medical/;https://acdn-us.mitiendanube.com/stores/001/322/555/products/design-sem-nome-2026-08-31t143845-288-a1d0fa449bfd61b69b17881981553598.png
BAIXA;fora da vitrine;Estetoscópio Spirit® Pro-Lite Adulto Cinza Escuro Perolizado;489090916;1000x1000;1600x1600;https://www.lemedical.com.br/produtos/estetoscopio-spirit-pro-lite-adulto-cinza-escuro-perolizado/;https://acdn-us.mitiendanube.com/stores/001/322/555/products/design-sem-nome-2026-09-15t174416-493-c38f9354a56371718417895050706334.png
